id;vio
1064396393598783;nothing
1064883423550080;nothing
1069126649792424;nothing
1064358353602587;nothing
1065882156783540;nothing
1064470026924753;nothing
1064905916881164;nothing
1065969503441472;nothing
1064655503572872;nothing
1066041470100942;nothing
1065823896789366;nothing
1065834113455011;nothing
1069077889797300;nothing
1065847320120357;nothing
1065798426791913;nothing
1069142563124166;nothing
1069224583115964;nothing
1065859820119107;nothing
1066656310039458;nothing
1064594276912328;nothing
1065926850112404;nothing
1065909316780824;nothing
1069128756458880;nothing
1065806996791056;nothing
1064634410241648;nothing
1064447860260303;nothing
1065938206777935;nothing
1064379180267171;nothing
1066196066752149;nothing
1065853190119770;nothing
1065897210115368;nothing
1064408500264239;nothing
1069175566454199;nothing
1065827996788956;nothing
1069080809797008;nothing
1064698556901900;nothing
1069125263125896;nothing
1065815313456891;nothing
1069085893129833;nothing
1064357680269321;nothing
1069140416457714;nothing
1069081006463655;nothing
1066001586771597;nothing
1065867113451711;nothing
1065854863452936;nothing
1069104136461342;nothing
1064461296925626;nothing
1064434893594933;nothing
1064359360269153;nothing
1069080116463744;nothing
1065844990120590;nothing
1069166706455085;nothing
1065811440123945;nothing
1065863106785445;nothing
1069087479796341;nothing
1069180406453715;nothing
1065829536788802;nothing
1066088116762944;nothing
1065941433444279;nothing
1069104509794638;nothing
1069102733128149;nothing
1065820320123057;nothing
1064353070269782;nothing
1065805093457913;nothing
1064419403596482;nothing
1069082423130180;nothing
1065870063451416;nothing
1065924640112625;nothing
1065875780117511;nothing
1065833020121787;nothing
1069075359797553;nothing
1069232566448499;nothing
1065805330124556;nothing
1069109273127495;nothing
1064488003589622;nothing
1065837603454662;nothing
1065868406784915;nothing
1069102346461521;nothing
1069217783116644;nothing
1064365180268571;nothing
1069070003131422;nothing
1065818930123196;nothing
1066685746703181;nothing
1066239046747851;nothing
1065844666787289;nothing
1065952803443142;nothing
1064598473578575;nothing
1065845263453896;nothing
1065811790123910;nothing
1152502018121553;nothing
1152511361453952;nothing
1152523058119449;nothing
1152506211454467;nothing
1134471336591288;nothing
1152541824784239;nothing
1152555984782823;nothing
1134125543292534;nothing
1134232643281824;nothing
1152543634784058;nothing
1152518951453193;nothing
1134160643289024;nothing
1134072529964502;nothing
1152549868116768;nothing
1134247406613681;nothing
1134197456618676;nothing
1152541734784248;nothing
1134742193230869;nothing
1152539768117778;nothing
1134141123290976;nothing
1152555988116156;nothing
1134076629964092;nothing
1134400506598371;nothing
1134201909951564;nothing
1134086846629737;nothing
1134091833295905;nothing
1134126869959068;nothing
1134071993297889;nothing
1134484093256679;nothing
1134079326630489;nothing
1134077109964044;nothing
1152508151454273;nothing
1134437593261329;nothing
1134091559962599;nothing
1152509614787460;nothing
1134077273297361;nothing
1134146769957078;nothing
1134069906631431;nothing
1121908057847616;nothing
1134207349951020;nothing
1152509734787448;nothing
1134077969963958;nothing
1152575828114172;nothing
1134221639949591;nothing
1152504948121260;nothing
1152526004785821;nothing
1134479919923763;nothing
1122138247824597;nothing
1134114236626998;nothing
1152512918120463;nothing
1134240943280994;nothing
1152519411453147;nothing
1152536448118110;nothing
1134118466626575;nothing
1134165359955219;nothing
1134096826628739;nothing
1152501068121648;nothing
1122480201123735;nothing
1134085183296570;nothing
1121713824533706;nothing
1134152353289853;nothing
1152521954786226;nothing
1134126026625819;nothing
1134112789960476;nothing
1134199179951837;nothing
1134131393291949;nothing
1134078693297219;nothing
1134503489921406;nothing
1134145133290575;nothing
1152516391453449;nothing
1152538804784541;nothing
1134071743297914;nothing
1134070393298049;nothing
1152528361452252;nothing
1152501948121560;nothing
1152510788120676;nothing
1152513381453750;nothing
1134084409963314;nothing
1152540161451072;nothing
1152512788120476;nothing
1152505078121247;nothing
1152564918115263;nothing
1134075059964249;nothing
1122246361147119;nothing
1134091023295986;nothing
1063720586999697;nothing
1063299323708490;nothing
1063849670320122;nothing
1063660390339050;nothing
1064310453607377;nothing
1063665150338574;nothing
1063748213663601;nothing
1063298467041909;nothing
1063667860338303;nothing
1063779943660428;nothing
1063302350374854;nothing
1064050366966719;nothing
1063666220338467;nothing
1063844610320628;nothing
1063700500335039;nothing
1063424143696008;nothing
1063638593674563;nothing
1063670717004684;nothing
1063716930333396;nothing
1063690843669338;nothing
1064063733632049;nothing
1063670220338067;nothing
1063810650324024;nothing
1063757296996026;nothing
1063636170341472;nothing
1063655277006228;nothing
1063324250372664;nothing
1063289120376177;nothing
1063659413672481;nothing
1063735156998240;nothing
1064053596966396;nothing
1063817226990033;nothing
1063673993671023;nothing
1064311940273895;nothing
1064312383607184;nothing
1063639820341107;nothing
1063688897002866;nothing
1063690747002681;nothing
1063706093667813;nothing
1063658933672529;nothing
1063482983690124;nothing
1063353723703050;nothing
1064025040302585;nothing
1063805186991237;nothing
1063669367004819;nothing
1064122083626214;nothing
1064084683629954;nothing
1063681007003655;nothing
1064305660274523;nothing
1064182420286847;nothing
1063666087005147;nothing
1063694450335644;nothing
1063292783709144;nothing
1063579613680461;nothing
1063653440339745;nothing
1063657183672704;nothing
1063752610329828;nothing
1063998590305230;nothing
1064319876939768;nothing
1063284713709951;nothing
1063397300365359;nothing
1063299467041809;nothing
1064308376940918;nothing
1063418253696597;nothing
1063804930324596;nothing
1063662093672213;nothing
1063741320330957;nothing
1063798360325253;nothing
1063398187031937;nothing
1063657787005977;nothing
1063713057000450;nothing
1064352233603199;nothing
1063791673659255;nothing
1063420490363040;nothing
1064314446940311;nothing
1063436010361488;nothing
1064349506936805;nothing
1063294670375622;nothing
1064351616936594;nothing
1063671993671223;nothing
1063674723670950;nothing
1063503297021426;nothing
1063793023659120;nothing
1063740156997740;nothing
1063496310355458;nothing
1064151260289963;nothing
1064052716966484;nothing
1063425560362533;nothing
1063638933674529;nothing
1063635397008216;nothing
1063720706999685;nothing
1063564963681926;nothing
1063342623704160;nothing
1064066103631812;nothing
1064136910291398;nothing
1063788626992893;nothing
1063678867003869;nothing
1063655633672859;nothing
1063737950331294;nothing
876267342411690;nothing
874708579234233;nothing
861980090507082;nothing
862105183827906;nothing
862302517141506;nothing
862052523833172;nothing
862275417144216;nothing
876259745745783;nothing
862000170505074;nothing
862103870494704;nothing
862117110493380;nothing
861980383840386;nothing
862071497164608;nothing
862053730499718;nothing
876263115745446;nothing
862035373834887;nothing
876247772413647;nothing
876252432413181;nothing
862013330503758;nothing
862019293836495;nothing
861975467174211;nothing
876255649079526;nothing
862000770505014;nothing
862079637163794;nothing
862191830485908;nothing
862016563836768;nothing
861972417174516;nothing
876265019078589;nothing
876246372413787;nothing
876248552413569;nothing
862060187165739;nothing
874452259259865;nothing
874544392583985;nothing
862035020501589;nothing
862017033836721;nothing
861982337173524;nothing
862052017166556;nothing
861976650507426;nothing
862117737159984;nothing
861991987172559;nothing
862273777144380;nothing
862083083830116;nothing
874462949258796;nothing
874459849259106;nothing
862008943837530;nothing
862040777167680;nothing
862028687168889;nothing
876246695747088;nothing
862029973835427;nothing
862421907129567;nothing
876267902411634;nothing
874452922593132;nothing
862039243834500;nothing
861998947171863;nothing
861973257174432;nothing
862031827168575;nothing
874464865925271;nothing
874735239231567;nothing
876245452413879;nothing
862189227152835;nothing
862021053836319;nothing
861985940506497;nothing
861984600506631;nothing
862054930499598;nothing
876247829080308;nothing
876246755747082;nothing
861973280507763;nothing
862006803837744;nothing
862052200499871;nothing
862299257141832;nothing
862052020499889;nothing
862095323828892;nothing
862699497101808;nothing
862169177154840;nothing
862011597170598;nothing
874723585899399;nothing
861983447173413;nothing
862013310503760;nothing
862050953833329;nothing
876245505747207;nothing
1111622305542858;nothing
1111343725570716;nothing
1112068578831564;nothing
1113786458659776;nothing
1111607602210995;nothing
1111877628850659;nothing
1111329082238847;nothing
1112214332150322;nothing
1111306352241120;nothing
1112100428828379;nothing
1111542288884193;nothing
1121161624588926;nothing
1111367248901697;nothing
1111375498900872;nothing
1112414178797004;nothing
1111369032234852;nothing
1111631672208588;nothing
1111455908892831;nothing
1111327912238964;nothing
1111439218894500;nothing
1111330742238681;nothing
1111392252232530;nothing
1111349082236847;nothing
1111616692210086;nothing
1112113512160404;nothing
1111900802181675;nothing
1120638777974544;nothing
1112440668794355;nothing
1111908962180859;nothing
1120520017986420;nothing
1111352572236498;nothing
1111605385544550;nothing
1111328505572238;nothing
1120548324650256;nothing
1111963298842092;nothing
1111610172210738;nothing
1111399948898427;nothing
1111814282190327;nothing
1111845195520569;nothing
1111388782232877;nothing
1112006095504479;nothing
1121622264542862;nothing
1111365278901894;nothing
1111842592187496;nothing
1111554575549631;nothing
1111322175572871;nothing
1111645795540509;nothing
1113783251993430;nothing
1120537601317995;nothing
1111357285569360;nothing
1112092318829190;nothing
1111379568900465;nothing
1111332602238495;nothing
1111524698885952;nothing
1111393652232390;nothing
1120251764679912;nothing
1111312792240476;nothing
1111860795519009;nothing
1111658575539231;nothing
1111332132238542;nothing
1111529808885441;nothing
1111616542210101;nothing
1112023602169395;nothing
1111327515572337;nothing
1120160001355755;nothing
1111407915564297;nothing
1111629388875483;nothing
1120230321348723;nothing
1111472722224483;nothing
1111833815521707;nothing
1111606708877751;nothing
1111344345570654;nothing
1111395975565491;nothing
1112167362155019;nothing
1111515365553552;nothing
1111464072225348;nothing
1111307592240996;nothing
1121626494542439;nothing
1112236108814811;nothing
1120472281324527;nothing
1111349058903516;nothing
1111858978852524;nothing
1111378252233930;nothing
1112130495492039;nothing
1111503308888091;nothing
1120385961333159;nothing
1112190278819394;nothing
1052486221456467;nothing
1043750598996696;nothing
1052415988130157;nothing
1044062155632207;nothing
1043746055663817;nothing
1043891552315934;nothing
1044018722303217;nothing
1043893125649110;nothing
1043626209009135;nothing
1043668419004914;nothing
1055077381197351;nothing
1055117997859956;nothing
1043674199004336;nothing
1055645141140575;nothing
1055102377861518;nothing
1043618409009915;nothing
1055078011197288;nothing
1055074394530983;nothing
1044182942286795;nothing
1043629225675500;nothing
1055107497861006;nothing
1052431584795264;nothing
1056476224390800;nothing
1052382181466871;nothing
1053164861388603;nothing
1052473514791071;nothing
1055091487862607;nothing
1052388504799572;nothing
1052417571463332;nothing
1052391768132579;nothing
1052537564784666;nothing
1055323881172701;nothing
1055080077863748;nothing
1052396014798821;nothing
1044243082280781;nothing
1055099507861805;nothing
1055807867790969;nothing
1052540418117714;nothing
1055225721182517;nothing
1043905728981183;nothing
1052419528129803;nothing
1055137067858049;nothing
1056472857724470;nothing
1055905544447868;nothing
1055133174525105;nothing
1055075647864191;nothing
1055584467813309;nothing
1052573048114451;nothing
1044181732286916;nothing
1043637369008019;nothing
1043763902328699;nothing
1055400161165073;nothing
1052394891465600;nothing
1052497151455374;nothing
1055119151193174;nothing
1056478224390600;nothing
1043891435649279;nothing
1052567614781661;nothing
1043664532338636;nothing
1052462181458871;nothing
1055084057863350;nothing
1056479314390491;nothing
1055107914527631;nothing
1055326097839146;nothing
1055085671196522;nothing
1043733935665029;nothing
1052421531462936;nothing
1052581034780319;nothing
1052393728132383;nothing
1052420611463028;nothing
1043736495664773;nothing
1055522374486185;nothing
1043773618994394;nothing
1056474857724270;nothing
1055400284498394;nothing
1055326861172403;nothing
1053354491369640;nothing
1055117264526696;nothing
1055076957864060;nothing
1056481377723618;nothing
1043669389004817;nothing
1055105557861200;nothing
1055133361191753;nothing
1055148227856933;nothing
1055087874529635;nothing
1043642822340807;nothing
1044362922268797;nothing
1055108464527576;nothing
1055082657863490;nothing
1055088547862901;nothing
1043834232321666;nothing
1055213871183702;nothing
1052404578131298;nothing
1052377401467349;nothing
1043676682337421;nothing
1052394794798943;nothing
1052435194794903;nothing
1044342978937458;nothing
1044077472297342;nothing
982677331770690;nothing
982813245090432;nothing
982711875100569;nothing
982682325103524;nothing
982762378428852;nothing
982767298428360;nothing
982699218435168;nothing
982689301769493;nothing
982736308431459;nothing
982705991767824;nothing
982683135103443;nothing
982682638436826;nothing
982771595094597;nothing
982687998436290;nothing
982682125103544;nothing
982793801759043;nothing
982763365095420;nothing
982703945101362;nothing
982686565103100;nothing
982723491766074;nothing
982739735097783;nothing
982788868426203;nothing
982684308436659;nothing
982749375096819;nothing
982745555097201;nothing
982733315098425;nothing
982698075101949;nothing
982774601760963;nothing
982725528432537;nothing
982764141762009;nothing
982780978426992;nothing
982763475095409;nothing
982677615103995;nothing
982696061768817;nothing
982705918434498;nothing
982691191769304;nothing
982725731765850;nothing
982799745091782;nothing
982738235097933;nothing
982708388434251;nothing
982696355102121;nothing
982733205098436;nothing
982735445098212;nothing
982701025101654;nothing
982747645096992;nothing
982725968432493;nothing
982786191759804;nothing
982790598426030;nothing
982703605101396;nothing
982781268426963;nothing
982750811763342;nothing
982679038437186;nothing
982696511768772;nothing
982753061763117;nothing
982784628426627;nothing
982699281768495;nothing
982680321770391;nothing
982722245099532;nothing
982688581769565;nothing
982767978428292;nothing
982683095103447;nothing
982751808429909;nothing
982790635092693;nothing
982682478436842;nothing
982735121764911;nothing
982925655079191;nothing
982688255102931;nothing
982681188436971;nothing
982724975099259;nothing
982753695096387;nothing
982778558427234;nothing
982736538431436;nothing
982682418436848;nothing
982686618436428;nothing
982910071747416;nothing
982696175102139;nothing
982743661764057;nothing
982727948432295;nothing
982775285094228;nothing
982782308426859;nothing
982697695101987;nothing
982679561770467;nothing
982690371769386;nothing
982744221764001;nothing
982692985102458;nothing
982701301768293;nothing
982778395093917;nothing
982708418434248;nothing
982937785077978;nothing
982680211770402;nothing
982731005098656;nothing
982780768427013;nothing
982681388436951;nothing
982781075093649;nothing
982723041766119;nothing
982685418436548;nothing
982743575097399;nothing
982711541767269;nothing
982714895100267;nothing
982678058437284;nothing
982736521764771;nothing
1057006817671074;nothing
1056567114381711;nothing
1056928281012261;nothing
1056920734346349;nothing
1056878481017241;nothing
1056959057675850;nothing
1056558744382548;nothing
1056952157676540;nothing
1056908141014275;nothing
1063235087048247;nothing
1056494591055630;nothing
1056955134342909;nothing
1056919414346481;nothing
1057031027668653;nothing
1057229310982158;nothing
1057110807660675;nothing
1056579251047164;nothing
1063234850381604;nothing
1056531221051967;nothing
1057402840964805;nothing
1056530597718696;nothing
1057751464263276;nothing
1057400514298371;nothing
1057017891003300;nothing
1056492197722536;nothing
1063248640380225;nothing
1063246143713808;nothing
1056506021054487;nothing
1063236970381392;nothing
1057433487628407;nothing
1056945047677251;nothing
1056517457720010;nothing
1056908197680936;nothing
1056523497719406;nothing
1056542611050828;nothing
1056920201013069;nothing
1056928041012285;nothing
1056498064388616;nothing
1063232847048471;nothing
1056499197721836;nothing
1056926941012395;nothing
1057636954274727;nothing
1058101480894941;nothing
1056725551032534;nothing
1056926674345755;nothing
1056907271014362;nothing
1063249900380099;nothing
1063258510379238;nothing
1063228383715584;nothing
1056959411009148;nothing
1056971781007911;nothing
1056682167703539;nothing
1056912127680543;nothing
1056516314386791;nothing
1063265603711862;nothing
1058128164225606;nothing
1057126817659074;nothing
1057930104245412;nothing
1057097867661969;nothing
1063250517046704;nothing
1056493317722424;nothing
1056916441013445;nothing
1057451710959918;nothing
1056495834388839;nothing
1057207600984329;nothing
1056949087676847;nothing
1056921254346297;nothing
1057080920996997;nothing
1056928254345597;nothing
1056948754343547;nothing
1063249003713522;nothing
982666505105106;nothing
982671028437987;nothing
982645918440498;nothing
982643485107408;nothing
982659408439149;nothing
982649811773442;nothing
982638668441223;nothing
982639348441155;nothing
982664388438651;nothing
982660041772419;nothing
982650848440005;nothing
982643815107375;nothing
982662171772206;nothing
982655128439577;nothing
982640778441012;nothing
982639908441099;nothing
982671738437916;nothing
982641178440972;nothing
982641091774314;nothing
982669935104763;nothing
982674958437594;nothing
982640741774349;nothing
982654445106312;nothing
982653915106365;nothing
982647168440373;nothing
982673955104361;nothing
982638708441219;nothing
982650971773326;nothing
982655191772904;nothing
982668675104889;nothing
982670438438046;nothing
982642341774189;nothing
982666348438455;nothing
982650901773333;nothing
982640215107735;nothing
982660665105690;nothing
982638885107868;nothing
982650635106693;nothing
982646198440470;nothing
982670338438056;nothing
982648005106956;nothing
982675251770898;nothing
982645595107197;nothing
982643691774054;nothing
982645108440579;nothing
982667091771714;nothing
982668918438198;nothing
982660901772333;nothing
982674868437603;nothing
982648965106860;nothing
982668855104871;nothing
982651755106581;nothing
982648628440227;nothing
982649445106812;nothing
982640165107740;nothing
982644355107321;nothing
982645125107244;nothing
982648948440195;nothing
982648271773596;nothing
982643885107368;nothing
982653405106416;nothing
982657928439297;nothing
982652578439832;nothing
982654975106259;nothing
982647228440367;nothing
982647351773688;nothing
982645475107209;nothing
982648591773564;nothing
982640951774328;nothing
982644535107303;nothing
982663475105409;nothing
982642301774193;nothing
982675891770834;nothing
982665568438533;nothing
982662615105495;nothing
982647005107056;nothing
982647985106958;nothing
982666795105077;nothing
982673211771102;nothing
977433122295111;nothing
982669145104842;nothing
982653241773099;nothing
982642275107529;nothing
982652035106553;nothing
982643231774100;nothing
982649088440181;nothing
982639981774425;nothing
982646278440462;nothing
982651128439977;nothing
982669028438187;nothing
982673251771098;nothing
1035100049861751;nothing
1035101939861562;nothing
1035101416528281;nothing
1043595722345517;nothing
1037724976265925;nothing
1035355973169492;nothing
1035104269861329;nothing
1035117379860018;nothing
1035677543137335;nothing
1035107613194328;nothing
1035119463193143;nothing
1038677342837355;nothing
1035421456496277;nothing
1035114186527004;nothing
1035164156522007;nothing
1035123923192697;nothing
1035112926527130;nothing
1038653172839772;nothing
1035112406527182;nothing
1036801606358262;nothing
1035123239859432;nothing
1043599935678429;nothing
1035146143190475;nothing
1035179059853850;nothing
1035135013191588;nothing
1035128346525588;nothing
1037254422979647;nothing
1035107219861034;nothing
1038882306150192;nothing
1035135089858247;nothing
1035122989859457;nothing
1035442296494193;nothing
1035567533148336;nothing
1035164869855269;nothing
1035180829853673;nothing
1035111436527279;nothing
1038624566175966;nothing
1038767516161671;nothing
1035120989859657;nothing
1035343533170736;nothing
1035100589861697;nothing
1035111649860591;nothing
1038622839509472;nothing
1038674832837606;nothing
1038640542841035;nothing
1035503666488056;nothing
1035191903185899;nothing
1040751905963232;nothing
1035118139859942;nothing
1018216421550114;nothing
1035130729858683;nothing
1035123016526121;nothing
1035131443191945;nothing
1035126343192455;nothing
1035107606527662;nothing
1038779089493847;nothing
1035143796524043;nothing
1035161923188897;nothing
1038734339498322;nothing
1035128023192287;nothing
1036181086420314;nothing
1035113253193764;nothing
1038624766175946;nothing
1035145579857198;nothing
1035142519857504;nothing
1035355236502899;nothing
1035107369861019;nothing
1035119656526457;nothing
1038626276175795;nothing
1035126429859113;nothing
1035211506517272;nothing
1036870973017992;nothing
1035127179859038;nothing
1038619299509826;nothing
1038805842824505;nothing
1035165199855236;nothing
1035395799832176;nothing
1038649322840157;nothing
1038715902833499;nothing
1035142839857472;nothing
1038721049499651;nothing
1035619626476460;nothing
1035113899860366;nothing
1035637153141374;nothing
1035107593194330;nothing
1035112603193829;nothing
1038628736175549;nothing
1038656262839463;nothing
1035359029835853;nothing
1035128893192200;nothing
1043594319012324;nothing
1035565826481840;nothing
1035544743150615;nothing
1035130163192073;nothing
1036344533070636;nothing
1043588929012863;nothing
1035101093194980;nothing
1035133099858446;nothing
1038923519479404;nothing
1035119489859807;nothing
1018220278216395;nothing
985458734825883;nothing
985488114822945;nothing
985692834802473;nothing
985358084835948;nothing
991239780914445;nothing
991241024247654;nothing
985422278162862;nothing
982966001741823;nothing
989302971108126;nothing
991240924247664;nothing
985426454829111;nothing
983220088383081;nothing
985376111500812;nothing
985366448168445;nothing
989214634450293;nothing
985352081503215;nothing
983186481719775;nothing
985847664786990;nothing
989237464448010;nothing
985356564836100;nothing
991237490914674;nothing
991239970914426;nothing
985369244834832;nothing
983058258399264;nothing
982978988407191;nothing
989243831114040;nothing
985427634828993;nothing
991239774247779;nothing
985356641502759;nothing
985376128167477;nothing
984693704902386;nothing
983254221713001;nothing
989183681120055;nothing
983429358362154;nothing
991237670914656;nothing
985378574833899;nothing
984755944896162;nothing
985353028169787;nothing
985365124835244;nothing
991240910914332;nothing
991239147581175;nothing
991241034247653;nothing
985365761501847;nothing
989182904453466;nothing
991237317581358;nothing
985366054835151;nothing
985464434825313;nothing
983212931717130;nothing
991239930914430;nothing
985352424836514;nothing
983108681727555;nothing
989180491120374;nothing
991236930914730;nothing
985473831491040;nothing
982978891740534;nothing
985392001499223;nothing
985426068162483;nothing
982967575074999;nothing
989186374453119;nothing
985365201501903;nothing
985355761502847;nothing
989440884427668;nothing
982943335077423;nothing
989238677781222;nothing
985403694831387;nothing
985464658158624;nothing
985489028156187;nothing
989388821099541;nothing
985394018165688;nothing
991241197580970;nothing
985462478158842;nothing
991238990914524;nothing
985366404835116;nothing
982986915073065;nothing
985395988165491;nothing
989186661119757;nothing
989203981118025;nothing
985356728169417;nothing
985356234836133;nothing
985415374830219;nothing
985378524833904;nothing
983018231736600;nothing
991240057581084;nothing
985352631503160;nothing
989209647784125;nothing
985457598159330;nothing
985357911502632;nothing
985377201500703;nothing
989258864445870;nothing
983212171717206;nothing
985356818169408;nothing
989176507787439;nothing
985409611497462;nothing
985369588168131;nothing
991237897581300;nothing
985355538169536;nothing
985444401493983;nothing
985355271502896;nothing
989186914453065;nothing
983129178392172;nothing
985353261503097;nothing
982964968408593;nothing
989193974452359;nothing
985372684834488;nothing
989259797779110;nothing
985354148169675;nothing
985373451501078;nothing
985376984834058;nothing
991236737581416;nothing
985356951502728;nothing
991235827581507;nothing
985354361502987;nothing
985479338157156;nothing
985382868166803;nothing
989183871120036;nothing
991239577581132;nothing
989266711111752;nothing
985367431501680;nothing
991237914247965;nothing
989363874435369;nothing
985372881501135;nothing
985385028166587;nothing
989252437779846;nothing
985355704836186;nothing
989233371115086;nothing
1096559607049128;nothing
1105414172830338;nothing
1105726522799103;nothing
1096336337071455;nothing
1096655267039562;nothing
1105665569471865;nothing
1105759566129132;nothing
1105451149493307;nothing
1106051099433312;nothing
1105436869494735;nothing
1105738806131208;nothing
1105411336163955;nothing
1096075333764222;nothing
1096079920430430;nothing
1105404679497954;nothing
1096324243739331;nothing
1105421019496320;nothing
1096100953761660;nothing
1105437766161312;nothing
1105441026160986;nothing
1105410752830680;nothing
1096223367082752;nothing
1105436602828095;nothing
1096100833761672;nothing
1105770556128033;nothing
1106059562765799;nothing
1106210899417332;nothing
1105442849494137;nothing
1105460549492367;nothing
1105682109470211;nothing
1096712353700520;nothing
1105411846163904;nothing
1106052459433176;nothing
1105657119472710;nothing
1105442869494135;nothing
1096373373734418;nothing
1105400719498350;nothing
1105646976140391;nothing
1105409149497507;nothing
1096665413705214;nothing
1105673699471052;nothing
1105697802801975;nothing
1105766559461766;nothing
1105669166138172;nothing
1105953496109739;nothing
1105792006125888;nothing
1105399309498491;nothing
1106006852771070;nothing
1105504962821259;nothing
1096069167098172;nothing
1105902089448213;nothing
1096339277071161;nothing
1096061870432235;nothing
1105426922829063;nothing
1096507180387704;nothing
1105704319467990;nothing
1105961082775647;nothing
1105409056164183;nothing
1105445739493848;nothing
1105410662830689;nothing
1105441706160918;nothing
1105406039497818;nothing
1105726129465809;nothing
1105419902829765;nothing
1105474629490959;nothing
1097371233634632;nothing
1105412966163792;nothing
1105404052831350;nothing
1096075280430894;nothing
1105410512830704;nothing
1105450929493329;nothing
1105677606137328;nothing
1105877952783960;nothing
876541172384307;nothing
876442952394129;nothing
876271345744623;nothing
876270715744686;nothing
876566009048490;nothing
876391639065927;nothing
876290935742664;nothing
876287849076306;nothing
876439472394477;nothing
876302335741524;nothing
876328932405531;nothing
876631579041933;nothing
876294059075685;nothing
876329809072110;nothing
876294655742292;nothing
876417555730002;nothing
876305275741230;nothing
876288802409544;nothing
876348832403541;nothing
876344975737260;nothing
876408682397556;nothing
876361665735591;nothing
876446625727095;nothing
877120868993004;nothing
876590475712710;nothing
876652385706519;nothing
876586695713088;nothing
876291772409247;nothing
876331895738568;nothing
876304062408018;nothing
876404239064667;nothing
876294832408941;nothing
876850555686702;nothing
876430089062082;nothing
876404735731284;nothing
876646355707122;nothing
876337365738021;nothing
876542995717458;nothing
876412982397126;nothing
876468605724897;nothing
876934179011673;nothing
876303342408090;nothing
876313059073785;nothing
876298439075247;nothing
876380452400379;nothing
876307975740960;nothing
876528579052233;nothing
876290535742704;nothing
876316049073486;nothing
876292022409222;nothing
876298855741872;nothing
876288869076204;nothing
876536235718134;nothing
876440732394351;nothing
876363285735429;nothing
876349682403456;nothing
876381335733624;nothing
876319729073118;nothing
876588289046262;nothing
876442315727526;nothing
876283329076758;nothing
876299969075094;nothing
876304525741305;nothing
876590639046027;nothing
876301515741606;nothing
876652532373171;nothing
876299915741766;nothing
876587409046350;nothing
876441712394253;nothing
876360412402383;nothing
876642089040882;nothing
876471689057922;nothing
876425399062551;nothing
876360342402390;nothing
876421262396298;nothing
876275225744235;nothing
876390499066041;nothing
876297882408636;nothing
876352135736544;nothing
876565145715243;nothing
876536992384725;nothing
876575889047502;nothing
876286949076396;nothing
876284279076663;nothing
876362905735467;nothing
876336235738134;nothing
876356659069425;nothing
876403669064724;nothing
876443779060713;nothing
876336795738078;nothing
876297292408695;nothing
876387865732971;nothing
876842535687504;nothing
876342759070815;nothing
876360232402401;nothing
876381145733643;nothing
876342042404220;nothing
876405815731176;nothing
876468342391590;nothing
876860982352326;nothing
1010252849013138;nothing
1011311555573934;nothing
1010294332342323;nothing
1011497372222019;nothing
1010344532337303;nothing
1010288595676230;nothing
1011300458908377;nothing
1010568668981556;nothing
1012244032147353;nothing
1011297235575366;nothing
1010225035682586;nothing
1011315652240191;nothing
1010738845631205;nothing
1010235899014833;nothing
1010200022351754;nothing
1010199272351829;nothing
1010186439019779;nothing
1010343862337370;nothing
1010188025686287;nothing
1012250122146744;nothing
1012239752147781;nothing
1011234125581677;nothing
1010701588968264;nothing
1010192475685842;nothing
1010231022348654;nothing
1011353272236429;nothing
1012238182147938;nothing
1010318359006587;nothing
1010248259013597;nothing
1010328845672205;nothing
1010732798965143;nothing
1011309012240855;nothing
1010195495685540;nothing
1010309429007480;nothing
1012235322148224;nothing
1010405768997846;nothing
1010323332339423;nothing
1012244472147309;nothing
1011303552241401;nothing
1010201119018311;nothing
1012238422147914;nothing
1010696398968783;nothing
1010192345685855;nothing
1012235318814891;nothing
1010221522349604;nothing
1011199282251828;nothing
1012241645480925;nothing
1012242808814142;nothing
1011288538909569;nothing
1011543462217410;nothing
1010206505684439;nothing
1010252499013173;nothing
1012240445481045;nothing
1010747718963651;nothing
1012252115479878;nothing
1010208205684269;nothing
1011196072252149;nothing
1010691582302598;nothing
1012248165480273;nothing
1012252655479824;nothing
1010204679017955;nothing
1010261049012318;nothing
1011304365574653;nothing
1012235625481527;nothing
1010734868964936;nothing
1011169552254801;nothing
1012258145479275;nothing
1010243722347384;nothing
1010276485677441;nothing
1010696498968773;nothing
1012235262148230;nothing
1012233742148382;nothing
1010199245685165;nothing
1010574375647652;nothing
1010215949016828;nothing
1012262455478844;nothing
1011177802253976;nothing
1011308708907552;nothing
1010222949016128;nothing
1010310999007323;nothing
1011279665577123;nothing
1010262829012140;nothing
1012236388814784;nothing
1011288732242883;nothing
1011257425579347;nothing
1010193719019051;nothing
1010183355686754;nothing
1011496698888753;nothing
1011194372252319;nothing
1012241372147619;nothing
1010379085667181;nothing
1010337799004643;nothing
1010184269019996;nothing
1011278225577267;nothing
855052254533199;nothing
855043487867409;nothing
855002281204863;nothing
855015221203569;nothing
855009347870823;nothing
855016151203476;nothing
855030737868684;nothing
855023897869368;nothing
855010551204036;nothing
855002041204887;nothing
855025171202574;nothing
855046804533744;nothing
855016224536802;nothing
855002434538181;nothing
855025371202554;nothing
855027861202305;nothing
855009681204123;nothing
855018537869904;nothing
855035614534863;nothing
855051751199916;nothing
855019914536433;nothing
855026431202448;nothing
855024471202644;nothing
854999921205099;nothing
855034814534943;nothing
854996974538727;nothing
855053944533030;nothing
854996757872082;nothing
855032507868507;nothing
854999561205135;nothing
855020657869692;nothing
855013247870433;nothing
855046174533807;nothing
855027461202345;nothing
855051244533300;nothing
855026544535770;nothing
855008617870896;nothing
855002134538211;nothing
855036397868118;nothing
855003017871456;nothing
855046247867133;nothing
855014281203663;nothing
854997461205345;nothing
855059061199185;nothing
855033831201708;nothing
855045784533846;nothing
855031034535321;nothing
855033967868361;nothing
855052511199840;nothing
855004427871315;nothing
854996307872127;nothing
854996447872113;nothing
855037281201363;nothing
855046694533755;nothing
855033187868439;nothing
855023947869363;nothing
855035124534912;nothing
855042454534179;nothing
855018817869876;nothing
854995641205527;nothing
855002777871480;nothing
854996917872066;nothing
855015131203578;nothing
855010781204013;nothing
855014237870334;nothing
854996877872070;nothing
855002371204854;nothing
854997431205348;nothing
855045291200562;nothing
854999394538485;nothing
855014477870310;nothing
855015404536884;nothing
855024111202680;nothing
855006677871090;nothing
855014524536972;nothing
855014557870302;nothing
855051451199946;nothing
854998774538547;nothing
855000861205005;nothing
855024251202666;nothing
854998371205254;nothing
855000587871699;nothing
855027071202384;nothing
855024784535946;nothing
855016244536800;nothing
855049207866837;nothing
854996217872136;nothing
855024891202602;nothing
855018351203256;nothing
855044694533955;nothing
855053091199782;nothing
855031194535305;nothing
854998144538610;nothing
855016231203468;nothing
855024071202684;nothing
854997511205340;nothing
882719091766515;nothing
882911971747227;nothing
882713101767114;nothing
882707981767626;nothing
882915261746898;nothing
882737588431332;nothing
882717365100021;nothing
882700265101731;nothing
882683191770105;nothing
882789688426122;nothing
882708718434219;nothing
882772638427827;nothing
882906381747786;nothing
882729555098802;nothing
882724018432689;nothing
882784185093339;nothing
882704485101309;nothing
882678898437201;nothing
882682335103524;nothing
882792755092482;nothing
882677415104016;nothing
882693475102410;nothing
882683365103421;nothing
882998485071909;nothing
882714238433667;nothing
882696775102080;nothing
882817035090054;nothing
882678165103941;nothing
882818728423218;nothing
882871605084597;nothing
883070495064708;nothing
882700928434998;nothing
882681028436988;nothing
882679251770499;nothing
882772095094548;nothing
882700441768380;nothing
883394121699012;nothing
879385778766513;nothing
883008158404275;nothing
882695378435553;nothing
882700555101702;nothing
882677301770694;nothing
882680211770403;nothing
882803428424748;nothing
882999125071845;nothing
882716328433458;nothing
882715515100206;nothing
882917171746707;nothing
882700788435012;nothing
882935468411544;nothing
882702901768134;nothing
882696715102086;nothing
882683048436786;nothing
882678071770617;nothing
882849821753442;nothing
882701848434906;nothing
882901225081635;nothing
882680621770362;nothing
882701505101607;nothing
882959255075832;nothing
882696401768784;nothing
882708485100909;nothing
882765058428585;nothing
882678221770602;nothing
882778671760557;nothing
882806575091100;nothing
882694568435634;nothing
882707435101014;nothing
882698895101868;nothing
882925818412509;nothing
882703375101420;nothing
882938208411270;nothing
882681295103628;nothing
882801968424894;nothing
882712008433890;nothing
882710108434080;nothing
882731405098617;nothing
883215571716867;nothing
882794388425652;nothing
882695605102197;nothing
882776661760758;nothing
882705435101214;nothing
883799671658457;nothing
882930078412083;nothing
882699111768513;nothing
882768101761614;nothing
882922171746207;nothing
882854761752948;nothing
882706415101116;nothing
1012898275415262;nothing
1012275968810826;nothing
1012957598742663;nothing
1012397492132007;nothing
1013009968737426;nothing
1012895815415508;nothing
1012423118796111;nothing
1012407982130958;nothing
1012935162078240;nothing
1012965995408490;nothing
1012288188809604;nothing
1012649512106805;nothing
1012901832081573;nothing
1012883272083429;nothing
1018195551552201;nothing
1012484608789962;nothing
1012270818811341;nothing
1012378848800538;nothing
1012949088743514;nothing
1013061612065595;nothing
1012902338748189;nothing
1012420805463009;nothing
1012305212141235;nothing
1012278375477252;nothing
1012451185459971;nothing
1013203705384719;nothing
1013022845402805;nothing
1012428062128950;nothing
1012886555416434;nothing
1012953202076436;nothing
1012273822144374;nothing
1013077345397355;nothing
1012886525416437;nothing
1012451135459976;nothing
1012387755466314;nothing
1012289585476131;nothing
1012422045462885;nothing
1013002778738145;nothing
1012398645465225;nothing
1013087615396328;nothing
1012964705408619;nothing
1012374708800952;nothing
1013141452057611;nothing
1012934592078297;nothing
1013054788732944;nothing
1012621778776245;nothing
1013192185385871;nothing
1018210624884027;nothing
1012910732080683;nothing
1012386992133057;nothing
1012407045464385;nothing
1012271815477908;nothing
1012400268798396;nothing
1012427868795636;nothing
1012603992111357;nothing
1012430862128670;nothing
1018210218217401;nothing
1012941218744301;nothing
1012453815459708;nothing
1013218355383254;nothing
1012408395464250;nothing
1013020818736341;nothing
1012279755477114;nothing
1012400938798329;nothing
1012903025414787;nothing
1012429048795518;nothing
1018199841551772;nothing
1012389695466120;nothing
1012480482123708;nothing
1018216358216787;nothing
1012913745413715;nothing
1013030805402009;nothing
1012444195460670;nothing
1013022748736148;nothing
1012472882124468;nothing
1012561722115584;nothing
1012442205460869;nothing
1012969622074794;nothing
1018200344885055;nothing
1012273612144395;nothing
1012430108795412;nothing
1013442478694175;nothing
1012899795415110;nothing
1012579825447107;nothing
1018209308217492;nothing
1012533228785100;nothing
1013115215393568;nothing
1012909478747475;nothing
935635969808160;nothing
887996034572154;nothing
888008511237573;nothing
935708863134204;nothing
935745806463843;nothing
888176124554145;nothing
925336450838112;nothing
935262416512182;nothing
889168744454883;nothing
887989597906131;nothing
935742859797471;nothing
935256543179436;nothing
935281676510256;nothing
935465569825200;nothing
935321869839570;nothing
935262916512132;nothing
935341989837558;nothing
887992617905829;nothing
935258516512572;nothing
888143724557385;nothing
935338443171246;nothing
925648897473534;nothing
888259684545789;nothing
935668759804881;nothing
935336413171449;nothing
935270729844684;nothing
925379464167144;nothing
925390840832673;nothing
925541977484226;nothing
887990057906085;nothing
925805664124524;nothing
935270749844682;nothing
935332299838527;nothing
935441356494288;nothing
935328873172203;nothing
885853894786368;nothing
935299146508509;nothing
935258206512603;nothing
935294709842286;nothing
935658536472570;nothing
888216827883408;nothing
888165184555239;nothing
935268239844933;nothing
887996364572121;nothing
888016967903394;nothing
935272199844537;nothing
885317818173309;nothing
887992611239163;nothing
888000864571671;nothing
888153961223028;nothing
888070821231342;nothing
887994037905687;nothing
888149374556820;nothing
935271616511262;nothing
935263819845375;nothing
935285643176526;nothing
935338609837896;nothing
888009634570794;nothing
925336694171421;nothing
888086767896414;nothing
935304529841304;nothing
888099441228480;nothing
888033204568437;nothing
935275609844196;nothing
888042284567529;nothing
935308599840897;nothing
888080447897046;nothing
925344500837307;nothing
884877521550672;nothing
925343120837445;nothing
888000557905035;nothing
935281636510260;nothing
925429494162141;nothing
935336356504788;nothing
887995011238923;nothing
1096022810436141;nothing
1069527139752375;nothing
1095908543780901;nothing
1088556174516138;nothing
1095963590442063;nothing
1088831171155305;nothing
1095902737114815;nothing
1095993747105714;nothing
1096020123769743;nothing
1091912467513842;nothing
1096011020437320;nothing
1092502540788168;nothing
1094925390545883;nothing
1095911750447247;nothing
1095910573780698;nothing
1077858582252564;nothing
1096028783768877;nothing
1095910247114064;nothing
1095915833780172;nothing
1077845085587247;nothing
1095903000448122;nothing
1091859950852427;nothing
1088428254528930;nothing
1095974017107687;nothing
1078313008873788;nothing
1095985463773209;nothing
1070288119676277;nothing
1096020673769688;nothing
1095983107106778;nothing
1091914017513687;nothing
1080369335334822;nothing
1095975357107553;nothing
1095913477113741;nothing
1091884417516647;nothing
1082403395131416;nothing
1095967680441654;nothing
1095984900439932;nothing
1088422024529553;nothing
1095996907105398;nothing
1095990530439369;nothing
1095904237114665;nothing
1095919397113149;nothing
1088442974527458;nothing
1091918320846590;nothing
1095972140441208;nothing
1095911747113914;nothing
1070183339686755;nothing
1095968783774877;nothing
1078333712205051;nothing
1096043963767359;nothing
1096045350433887;nothing
1095903787114710;nothing
1078325275539228;nothing
1095917103780045;nothing
1095985097106579;nothing
1095900563781699;nothing
1095998413771914;nothing
1095993953772360;nothing
1095903020448120;nothing
1095993080439114;nothing
1095972000441222;nothing
1091916054180150;nothing
1096019997103089;nothing
1091881580850264;nothing
1095976723774083;nothing
1095907567114332;nothing
1069280409777048;nothing
1095982907106798;nothing
1070946242943798;nothing
1091916170846805;nothing
1095904940447928;nothing
1092591850779237;nothing
1092185407486548;nothing
1095910023780753;nothing
1095971180441304;nothing
1095898467115242;nothing
1088575477847541;nothing
1093379637367125;nothing
961902760514814;nothing
951894434848980;nothing
961185050586585;nothing
977017472336676;nothing
951901654848258;nothing
952072748164482;nothing
957619720943118;nothing
962154570489633;nothing
948209741884116;nothing
960884000616690;nothing
960860493952374;nothing
977230212315402;nothing
951531758218581;nothing
946923342012756;nothing
977094928995597;nothing
977104478994642;nothing
960862313952192;nothing
951649704873453;nothing
960929110612179;nothing
977022562336167;nothing
951535298218227;nothing
960892060615884;nothing
960926300612460;nothing
962167877154969;nothing
962301427141614;nothing
967242279980862;nothing
957660570939033;nothing
960923793946044;nothing
951589704879453;nothing
962244713813952;nothing
960858790619211;nothing
951622638209493;nothing
951909251514165;nothing
966997683338655;nothing
960853083953115;nothing
951535664884857;nothing
946618468709910;nothing
957890040916086;nothing
957831910921899;nothing
961151657256591;nothing
960861743952249;nothing
946619198709837;nothing
960883817283375;nothing
961930593845364;nothing
960978307273926;nothing
960878547283902;nothing
960908547280902;nothing
946601715378252;nothing
948209201884170;nothing
951564908215266;nothing
951573788214378;nothing
977035139001576;nothing
951535701551520;nothing
961015820603508;nothing
946726812032409;nothing
960936737278083;nothing
952110251494065;nothing
966653666706390;nothing
960876987284058;nothing
977041242334299;nothing
962139500491140;nothing
960889863949437;nothing
977047979000292;nothing
961099013928522;nothing
967088909996199;nothing
952119071493183;nothing
957619584276465;nothing
961232510581839;nothing
957817904256633;nothing
962747137097043;nothing
960926387279118;nothing
957710560934034;nothing
962142200490870;nothing
960851240619966;nothing
977127698992320;nothing
960895220615568;nothing
951659518205805;nothing
962364803801943;nothing
960924357279321;nothing
977025355669221;nothing
960925827279174;nothing
977103645661392;nothing
961072017264555;nothing
946618685376555;nothing
946580775380346;nothing
966929940012096;nothing
960908330614257;nothing
951531151551975;nothing
951556458216111;nothing
957697450935345;nothing
951531311551959;nothing
855483097823448;nothing
855580131147078;nothing
861955920509499;nothing
855586274479797;nothing
855610597810698;nothing
861945153843909;nothing
855549784483446;nothing
855509941154097;nothing
855463011158790;nothing
855146984523726;nothing
855520864486338;nothing
855192037852554;nothing
855500454488379;nothing
855177577854000;nothing
855159811189110;nothing
855601514478273;nothing
855204874517937;nothing
856263794412045;nothing
855136184524806;nothing
855279604510464;nothing
861954883842936;nothing
855189761186115;nothing
855583121146779;nothing
855114247860333;nothing
855180131187078;nothing
855451954493229;nothing
861943053844119;nothing
855160411189050;nothing
861968210508270;nothing
855158524522572;nothing
855515087820249;nothing
855156791189412;nothing
855116751193416;nothing
855617414476683;nothing
861942293844195;nothing
855125267859231;nothing
856223704416054;nothing
855194721185619;nothing
855821974456227;nothing
855139804524444;nothing
855120424526382;nothing
855577437814014;nothing
855479904490434;nothing
855119414526483;nothing
861944963843928;nothing
855600447811713;nothing
861956440509447;nothing
861962030508888;nothing
861950180510073;nothing
855133037858454;nothing
855580754480349;nothing
855121767859581;nothing
855589931146098;nothing
855149664523458;nothing
855580204480404;nothing
855146881190403;nothing
855148791190212;nothing
861940890511002;nothing
861968353841589;nothing
861965660508525;nothing
861943823844042;nothing
855180341187057;nothing
855329927838765;nothing
855113614527063;nothing
855156324522792;nothing
855118057859952;nothing
855640691141022;nothing
861958017175956;nothing
855650734473351;nothing
856085694429855;nothing
855120437859714;nothing
855500537821704;nothing
861942773844147;nothing
855600401145051;nothing
861957967175961;nothing
861942200510871;nothing
861936537178104;nothing
861945587177199;nothing
855641884474236;nothing
855204047851353;nothing
945852652119825;nothing
945877242117366;nothing
946369335401490;nothing
945854225453001;nothing
945462995492124;nothing
945828588788898;nothing
945846215453802;nothing
945848942120196;nothing
945899038781853;nothing
945839458787811;nothing
945836588788098;nothing
945407232164367;nothing
945459738825783;nothing
946367528735004;nothing
946265678745189;nothing
945452185493205;nothing
945856678786089;nothing
945850282120062;nothing
945959418775815;nothing
945847725453651;nothing
945984192106671;nothing
945349178836839;nothing
945409585497465;nothing
945905835447840;nothing
945903308781426;nothing
945358215502602;nothing
945510732154017;nothing
945911692113921;nothing
945886845449739;nothing
945379908833766;nothing
945842185454205;nothing
945904295447994;nothing
945854082119682;nothing
946372115401212;nothing
945876035450820;nothing
945885845449839;nothing
946352165403207;nothing
945887695449654;nothing
945364542168636;nothing
945846622120428;nothing
945838592121231;nothing
945489412156149;nothing
946356702069420;nothing
945892488782508;nothing
945372815501142;nothing
945837015454722;nothing
945496728822084;nothing
945834182121672;nothing
945445412160549;nothing
945853402119750;nothing
945357835502640;nothing
945837228788034;nothing
945837992121291;nothing
935988979772859;nothing
945796395458784;nothing
945415275496896;nothing
945358478835909;nothing
945835278788229;nothing
945834762121614;nothing
945858195452604;nothing
946376782067412;nothing
945847992120291;nothing
945850958786661;nothing
945901755448248;nothing
945828342122256;nothing
945857475452676;nothing
945853478786409;nothing
945849848786772;nothing
946093222095768;nothing
945449938826763;nothing
945851445453279;nothing
945837335454690;nothing
945850862120004;nothing
945366755501748;nothing
946353908736366;nothing
945841635454260;nothing
945430135495410;nothing
945353898836367;nothing
945355778836179;nothing
945838055454618;nothing
945882805450143;nothing
945979112107179;nothing
945855085452915;nothing
945906388781118;nothing
945876188784138;nothing
945834965454927;nothing
945355552169535;nothing
946017825436641;nothing
946396678732089;nothing
945385105499913;nothing
945857025452721;nothing
945829768788780;nothing
946072068764550;nothing
945990798772677;nothing
945846088787148;nothing
945728032132287;nothing
945901512114939;nothing
1007140919324331;nothing
991252924246464;nothing
1010180925686997;nothing
991408184230938;nothing
1007131195991970;nothing
1007145545990535;nothing
991268027578287;nothing
991315464240210;nothing
1007129619325461;nothing
993560100682413;nothing
991360434235713;nothing
991375740900849;nothing
1010178985687191;nothing
1007546715950418;nothing
1007223985982691;nothing
993847683986988;nothing
993510660687357;nothing
991245150913908;nothing
1007452139293209;nothing
1010182402353516;nothing
991242067580883;nothing
991316454240111;nothing
1007242295980860;nothing
993497180688705;nothing
1010180879020335;nothing
1007138769324546;nothing
1007471619291261;nothing
991242967580793;nothing
991368037568286;nothing
1007131815991908;nothing
993814560656967;nothing
993485414023215;nothing
1007260592645697;nothing
1007148312656925;nothing
1007149219323501;nothing
1010177182354038;nothing
1007302575974832;nothing
1007288782642878;nothing
1007329059305517;nothing
991262244245532;nothing
1007138552657901;nothing
993613397343750;nothing
991247277580362;nothing
993506514021105;nothing
1007193465985743;nothing
991244414247315;nothing
991314550906968;nothing
1007238449314578;nothing
1007222802649476;nothing
1007147909323632;nothing
991248194246937;nothing
997609383610818;nothing
993569787348111;nothing
1007129875992102;nothing
1007141719324251;nothing
1007231662648590;nothing
991245094247247;nothing
991266887578401;nothing
1007291569309266;nothing
991552170883206;nothing
991262940912129;nothing
1007258489312574;nothing
1007138219324601;nothing
991483614223395;nothing
991312804240476;nothing
993531170685306;nothing
1007133372658419;nothing
991425700895853;nothing
1007203272651429;nothing
1007155355989554;nothing
993528107352279;nothing
1007201569318266;nothing
1007752902596466;nothing
1007230049315418;nothing
1007138332657923;nothing
1007980722573684;nothing
991259424245814;nothing
991249590913464;nothing
991243887580701;nothing
1007200915984998;nothing
991241834247573;nothing
991272030911220;nothing
1010182729020150;nothing
991469950891428;nothing
1007204152651341;nothing
994475803924176;nothing
993472160691207;nothing
1007225742649182;nothing
993616134010143;nothing
856925981012493;nothing
856926741012417;nothing
856972214341203;nothing
856999827671775;nothing
856923224346102;nothing
857011297670628;nothing
856950381010053;nothing
856957567676001;nothing
856938604344564;nothing
856955954342829;nothing
856945571010534;nothing
856949691010122;nothing
856953757676382;nothing
856927731012318;nothing
856995197672238;nothing
857009177670840;nothing
856930441012047;nothing
856980527673705;nothing
856957081009383;nothing
856947634343661;nothing
856993471005744;nothing
856929587678799;nothing
857012791003812;nothing
856998384338586;nothing
856940804344344;nothing
856935017678256;nothing
856956934342731;nothing
856952024343222;nothing
856971571007934;nothing
856941064344318;nothing
856936014344823;nothing
856959447675813;nothing
856947907676967;nothing
856966231008468;nothing
856948431010248;nothing
856954407676317;nothing
856930164345408;nothing
857010687670689;nothing
856975351007556;nothing
856936941011397;nothing
856921614346263;nothing
856921204346304;nothing
856944201010671;nothing
856943704344054;nothing
856971654341259;nothing
856934734344951;nothing
856940024344422;nothing
856947851010306;nothing
856936841011407;nothing
856978981007193;nothing
856923464346078;nothing
856929937678764;nothing
856940964344328;nothing
857000807671677;nothing
856949261010165;nothing
856930057678752;nothing
857003664338058;nothing
856990641006027;nothing
856953374343087;nothing
856944001010691;nothing
856986754339749;nothing
856922721012819;nothing
856937011011390;nothing
857001357671622;nothing
856937747677983;nothing
856944161010675;nothing
856974287674329;nothing
856952677676490;nothing
856952537676504;nothing
857007064337718;nothing
856922501012841;nothing
857012084337216;nothing
856950367676721;nothing
856933927678365;nothing
856949267676831;nothing
856946647677093;nothing
856971214341303;nothing
857012121003879;nothing
856950174343407;nothing
856938361011255;nothing
856954784342946;nothing
856951934343231;nothing
856924921012599;nothing
856935987678159;nothing
856985421006549;nothing
856953854343039;nothing
856920637679694;nothing
856965224341902;nothing
857000241005067;nothing
857007957670962;nothing
856977007674057;nothing
856977507674007;nothing
856953564343068;nothing
856988017672956;nothing
857009884337436;nothing
1070652489639840;nothing
1070619079643181;nothing
1067632676608488;nothing
1065958636775892;nothing
1065286183509804;nothing
1065868646784891;nothing
1067334913304931;nothing
1065245863513836;nothing
1065466143491808;nothing
1065203820184707;nothing
1107839759254446;nothing
1065267160178373;nothing
1065207393517683;nothing
1084352528269836;nothing
1107838852587870;nothing
1065283803510042;nothing
1107838899254532;nothing
1070595002978922;nothing
1065271326844623;nothing
1084712424900513;nothing
1070605379644551;nothing
1065203676851388;nothing
1065221150182974;nothing
1065440513494371;nothing
1065240070181082;nothing
1107834549254967;nothing
1066193343419088;nothing
1066206553417767;nothing
1067330136638742;nothing
1065242510180838;nothing
1107827699255652;nothing
1065497540155335;nothing
1065222576849498;nothing
1065764793461943;nothing
1065407843497638;nothing
1065405670164522;nothing
1067280389977050;nothing
1065205580184531;nothing
1067306816641074;nothing
1065349886836767;nothing
1065370313501391;nothing
1065299436841812;nothing
1065038730201216;nothing
1098155586889530;nothing
1065311410173948;nothing
1085082108196878;nothing
1084352598269829;nothing
1067677079937381;nothing
1065296523508770;nothing
1065201160184973;nothing
1065284743509948;nothing
1065531363485286;nothing
1065034993534923;nothing
1065591633479259;nothing
1065238050181284;nothing
1065163046855451;nothing
1065131400191949;nothing
1065038353534587;nothing
1097867333585022;nothing
1065456523492770;nothing
1067279876643768;nothing
1067356343302788;nothing
1065223760182713;nothing
1065315323506890;nothing
1065207976850958;nothing
1065253243513098;nothing
1065295116842244;nothing
1107927955912293;nothing
1065316333506789;nothing
1065225523515870;nothing
1065239433514479;nothing
1065199303518492;nothing
1065319406839815;nothing
1067293986642357;nothing
1065271956844560;nothing
1084395311598891;nothing
1065246833513739;nothing
1107860485919040;nothing
1107836889254733;nothing
1084440961594326;nothing
1065317050173384;nothing
1065242106847545;nothing
1065297900175299;nothing
1065395393498883;nothing
1065297310175358;nothing
1065373786834377;nothing
1067357146636041;nothing
1065231306848625;nothing
1067312673307155;nothing
1107838169254605;nothing
1065890776782678;nothing
1097914553580300;nothing
968032229901867;nothing
963500017021755;nothing
963550993683324;nothing
963504920354598;nothing
963641923674231;nothing
951883981516692;nothing
968100449895045;nothing
968004846571272;nothing
968069393231484;nothing
951874501517640;nothing
968109359894154;nothing
963589150346175;nothing
968107236561033;nothing
963494487022308;nothing
965264570178633;nothing
951925938179163;nothing
968107876560969;nothing
963489770356113;nothing
957042337667523;nothing
968065039898586;nothing
968003503238073;nothing
951929821512108;nothing
963741483664275;nothing
968014666570290;nothing
968123199892770;nothing
951884514849972;nothing
957628980942192;nothing
952300011475089;nothing
952158638155893;nothing
952390568132700;nothing
968036873234736;nothing
964105833627840;nothing
951902121514878;nothing
963650917006665;nothing
963571107014646;nothing
968013359903754;nothing
951890538182703;nothing
968067923231631;nothing
968018473236576;nothing
952392068132550;nothing
968104129894677;nothing
951918338179923;nothing
968022023236221;nothing
952044624833961;nothing
951907724847651;nothing
952323004806123;nothing
968074229897667;nothing
951925021512588;nothing
951900144848409;nothing
952014911503599;nothing
951925758179181;nothing
963566173681806;nothing
968080876563669;nothing
952670898104667;nothing
964470536924703;nothing
964262216945535;nothing
968004426571314;nothing
968035593234864;nothing
951925001512590;nothing
968014269903663;nothing
951878391517251;nothing
951896051515485;nothing
963485167023240;nothing
952053304833093;nothing
968115909893499;nothing
963495480355542;nothing
952059884832435;nothing
957107057661051;nothing
968003329904757;nothing
951906771514413;nothing
951884651516625;nothing
968021429902947;nothing
952278748143882;nothing
952305521474538;nothing
968025573235866;nothing
952075461497544;nothing
968080909896999;nothing
968006423237781;nothing
951893234849100;nothing
951906494847774;nothing
968100236561733;nothing
968121109892979;nothing
968122693226154;nothing
963512647020492;nothing
952019981503092;nothing
968004083238015;nothing
952008604837563;nothing
895190280519396;nothing
894678727237218;nothing
885885814783176;nothing
894602873911470;nothing
894646247240466;nothing
895927847112306;nothing
935702179801539;nothing
894687607236330;nothing
894899930548431;nothing
895539243817833;nothing
894883527216738;nothing
895529863818771;nothing
895401043831653;nothing
895135950524829;nothing
894605143911243;nothing
894861600552264;nothing
894934487211642;nothing
894681810570243;nothing
894766457228445;nothing
886059261432498;nothing
894901810548243;nothing
885890471449377;nothing
885891018115989;nothing
894852207219870;nothing
886077368097354;nothing
894949767210114;nothing
894609723910785;nothing
895570657148025;nothing
894881603883597;nothing
935869916451432;nothing
885881901450234;nothing
894998753871882;nothing
894910393880718;nothing
885886411449783;nothing
935403736498050;nothing
886079554763802;nothing
894680667237024;nothing
894859243885833;nothing
951874258184331;nothing
894787097226381;nothing
935415946496829;nothing
894863063885451;nothing
894845643887193;nothing
894880547217036;nothing
894614413910316;nothing
894897173882040;nothing
894605770577847;nothing
894604520577972;nothing
894938380544586;nothing
935420579829699;nothing
894607347244356;nothing
935701899801567;nothing
894654843906273;nothing
894835933888164;nothing
894604493911308;nothing
894769133894844;nothing
894669053904852;nothing
935425643162526;nothing
894936947211396;nothing
885881488116942;nothing
894912330547191;nothing
935433103161780;nothing
894986037206487;nothing
894748430563581;nothing
894947660543658;nothing
894910673880690;nothing
894852063886551;nothing
885900098115081;nothing
895730673798690;nothing
886082511430173;nothing
935437143161376;nothing
895149477190143;nothing
935431133161977;nothing
935408839830873;nothing
894750223896735;nothing
885896751448749;nothing
894899097215181;nothing
894913977213693;nothing
895399477165143;nothing
894852033886554;nothing
894914187213672;nothing
894962650542159;nothing
935411506497273;nothing
993918317313258;nothing
995837677121322;nothing
994000477305042;nothing
994343387270751;nothing
993966050641818;nothing
996212847083805;nothing
993954057309684;nothing
996301820408241;nothing
993994823972274;nothing
994012303970526;nothing
994779237227166;nothing
993934210645002;nothing
995801577124932;nothing
993928060645617;nothing
993945183977238;nothing
995811603790596;nothing
994059450632478;nothing
995426573829099;nothing
993931577311932;nothing
995791367125953;nothing
993928033978953;nothing
993986623973094;nothing
994036707301419;nothing
995845160453907;nothing
998379966867093;nothing
994329410605482;nothing
994022107302879;nothing
995812293790527;nothing
995412103830546;nothing
995792993792457;nothing
995836627121427;nothing
994252107279879;nothing
993987110639712;nothing
995830723788684;nothing
993941943977562;nothing
995797377125352;nothing
993925227312567;nothing
995833520455071;nothing
998374926867597;nothing
993936713978085;nothing
993948490643574;nothing
993942213977535;nothing
993946777310412;nothing
993918667313223;nothing
993941033977653;nothing
993968587308231;nothing
994329613938795;nothing
996004013771355;nothing
998375476867542;nothing
994083713963385;nothing
994043823967374;nothing
994029947302095;nothing
993980070640416;nothing
993925963979160;nothing
993919823979774;nothing
993981343973622;nothing
993950290643394;nothing
993965387308551;nothing
993948563976900;nothing
993919813979775;nothing
995845820453841;nothing
993921770646246;nothing
993932380645185;nothing
988070957897994;nothing
856800084358416;nothing
856809601024131;nothing
856777827693975;nothing
856809334357491;nothing
856774084361016;nothing
856809807690777;nothing
856805577691200;nothing
856793597692398;nothing
856795531025538;nothing
856787907692967;nothing
856802671024824;nothing
856809101024181;nothing
856807854357639;nothing
856777474360677;nothing
856781464360278;nothing
856803737691384;nothing
856810321024059;nothing
856806211024470;nothing
856807117691046;nothing
856797747691983;nothing
856768811028210;nothing
856811054357319;nothing
856802897691468;nothing
856803837691374;nothing
856809884357436;nothing
856799537691804;nothing
856778357693922;nothing
856806214357803;nothing
856805484357876;nothing
856771717694586;nothing
856799111025180;nothing
856800247691733;nothing
856770364361388;nothing
856774891027602;nothing
856802791024812;nothing
856777064360718;nothing
856774001027691;nothing
856807764357648;nothing
856802074358217;nothing
856798311025260;nothing
856792771025814;nothing
856801431024948;nothing
856772934361131;nothing
856807097691048;nothing
856770547694703;nothing
856801317691626;nothing
856799397691818;nothing
856808011024290;nothing
856769631028128;nothing
856769474361477;nothing
856773384361086;nothing
856772737694484;nothing
856806421024449;nothing
856811177690640;nothing
856770084361416;nothing
856795437692214;nothing
856810457690712;nothing
856803091024782;nothing
856773164361108;nothing
856804927691265;nothing
856802131024878;nothing
856774077694350;nothing
856777217694036;nothing
856791897692568;nothing
856773161027775;nothing
856805741024517;nothing
856804997691258;nothing
856795117692246;nothing
856808481024243;nothing
856776321027459;nothing
856794461025645;nothing
856803107691447;nothing
856771174361307;nothing
856777864360638;nothing
856794437692314;nothing
856794921025599;nothing
856773134361111;nothing
856804471024644;nothing
856805254357899;nothing
856811597690598;nothing
856789424359482;nothing
856792174359207;nothing
856778021027289;nothing
856801237691634;nothing
856776601027431;nothing
856803357691422;nothing
856803774358047;nothing
856776247694133;nothing
856789804359444;nothing
856792264359198;nothing
856804524357972;nothing
856811391023952;nothing
856800801025011;nothing
856777361027355;nothing
856773771027714;nothing
856810054357419;nothing
856794531025638;nothing
856773297694428;nothing
856802154358209;nothing
856774254360999;nothing
856770147694743;nothing
856778561027235;nothing
856770391028052;nothing
856798434358581;nothing
856797114358713;nothing
856769364361488;nothing
856808201024271;nothing
856803341024757;nothing
856772544361170;nothing
856848151020276;nothing
856852277686530;nothing
856838454354579;nothing
856845904353834;nothing
856830287688729;nothing
856823651022726;nothing
856846444353780;nothing
856832547688503;nothing
856825001022591;nothing
856833594355065;nothing
856851244353300;nothing
856814617690296;nothing
856830024355422;nothing
856845387687219;nothing
856822061022885;nothing
856825611022530;nothing
856841241020967;nothing
856853871019704;nothing
856841217687636;nothing
856835987688159;nothing
856821807689577;nothing
856842977687460;nothing
856827637688994;nothing
856823221022769;nothing
856817701023321;nothing
856845937687164;nothing
856830751022016;nothing
856825564355868;nothing
856842907687467;nothing
856839984354426;nothing
856847601020331;nothing
856817737689984;nothing
856826797689078;nothing
856840441021047;nothing
856827777688980;nothing
856823811022710;nothing
856846361020455;nothing
856827847688973;nothing
856841144354310;nothing
856838184354606;nothing
856818124356612;nothing
856824994355925;nothing
856840524354372;nothing
856822624356162;nothing
856828811022210;nothing
856842781020813;nothing
856850621020029;nothing
856834021021689;nothing
856837321021359;nothing
856816437690114;nothing
856842361020855;nothing
856833897688368;nothing
856826817689076;nothing
856847927686965;nothing
856827511022340;nothing
856830961021995;nothing
856848127686945;nothing
856823631022728;nothing
856826497689108;nothing
856833797688378;nothing
856852727686485;nothing
856818684356556;nothing
856842077687550;nothing
856844927687265;nothing
856836754354749;nothing
856829471022144;nothing
856834967688261;nothing
856847727686985;nothing
856812991023792;nothing
856821024356322;nothing
856825754355849;nothing
856828384355586;nothing
856839671021124;nothing
856826851022406;nothing
856834601021631;nothing
856850814353343;nothing
856820554356369;nothing
856839507687807;nothing
856815911023500;nothing
856848947686863;nothing
856840371021054;nothing
856824177689340;nothing
856829927688765;nothing
856843494354075;nothing
856826314355793;nothing
856831677688590;nothing
856837057688052;nothing
856839211021170;nothing
856827311022360;nothing
857137470991344;nothing
857138814324543;nothing
857050867666671;nothing
857034044335020;nothing
857030431002048;nothing
857219557649802;nothing
857177410987350;nothing
857144370990654;nothing
857190580986033;nothing
857168424321582;nothing
857184480986643;nothing
857162044322220;nothing
857191080985983;nothing
857173334321091;nothing
857074120997679;nothing
857019931003098;nothing
857186957653062;nothing
857052220999869;nothing
857041224334302;nothing
857155377656220;nothing
857172720987819;nothing
857172354321189;nothing
857052680999823;nothing
857040241001067;nothing
857169187654839;nothing
857180767653681;nothing
857223624316062;nothing
857226994315725;nothing
857220304316394;nothing
857215957650162;nothing
857034287668329;nothing
857208284317596;nothing
857215804316844;nothing
857056547666103;nothing
857211564317268;nothing
857139450991146;nothing
857158630989228;nothing
857018617669896;nothing
857026254335799;nothing
857089680996123;nothing
857074364330988;nothing
857222704316154;nothing
857190600986031;nothing
857225900982501;nothing
857022484336176;nothing
857103214328103;nothing
857182114320213;nothing
857153070989784;nothing
857190794319345;nothing
857028494335575;nothing
857196724318752;nothing
857224514315973;nothing
857034851001606;nothing
857041507667607;nothing
857213280983763;nothing
857033601001731;nothing
857110137660744;nothing
857132390991852;nothing
857195264318898;nothing
857194600985631;nothing
857157400989351;nothing
857160284322396;nothing
857172114321213;nothing
857040554334369;nothing
857034781001613;nothing
857156310989460;nothing
857141420990949;nothing
857178154320609;nothing
857162000988891;nothing
857137950991296;nothing
857025224335902;nothing
857168164321608;nothing
857023304336094;nothing
857023687669389;nothing
857160254322399;nothing
857163914322033;nothing
857147557657002;nothing
857163640988727;nothing
857202160984875;nothing
857153620989729;nothing
857199490985142;nothing
857022901002801;nothing
857222537649504;nothing
857150524323372;nothing
857177714320653;nothing
857189104319514;nothing
857215747650183;nothing
857036524334772;nothing
857075910997500;nothing
857151430989948;nothing
857023144336110;nothing
857157487656009;nothing
857191800985911;nothing
857020581003033;nothing
857042387667519;nothing
857178660987225;nothing
857560397615718;nothing
857460704292354;nothing
857446527627105;nothing
857461620958929;nothing
857519067619851;nothing
857443267627431;nothing
857575707614187;nothing
857548304283594;nothing
857444807627277;nothing
857497130955378;nothing
857523900952701;nothing
857586910946400;nothing
857506227621135;nothing
857419570963134;nothing
857420450963046;nothing
857402724298152;nothing
857407630964328;nothing
857597427612015;nothing
857404380964653;nothing
857532477618510;nothing
857459890959102;nothing
857450344293390;nothing
857585514279873;nothing
857607647610993;nothing
857402077631550;nothing
857562854282139;nothing
857584284279996;nothing
857585114279913;nothing
857557404282684;nothing
857498540955237;nothing
857419450963146;nothing
857607294277695;nothing
857581637613594;nothing
857460007625757;nothing
857576684280756;nothing
857405760964515;nothing
857408437630914;nothing
857402374298187;nothing
857530680952023;nothing
857574037614354;nothing
857575004280924;nothing
857428597628898;nothing
857516254286799;nothing
857408080964283;nothing
857536650951426;nothing
857597594278665;nothing
857582244280200;nothing
857452680959823;nothing
857495610955530;nothing
857498960955195;nothing
857514777620280;nothing
857468784291546;nothing
857556877616070;nothing
857462784292146;nothing
857472384291186;nothing
857413817630376;nothing
857440077627750;nothing
857553444283080;nothing
857447034293721;nothing
857590404279384;nothing
857529934285431;nothing
857546264283798;nothing
857416504296774;nothing
857522874286137;nothing
857471894291235;nothing
857463034292121;nothing
857608037610954;nothing
857414437630314;nothing
857413590963732;nothing
857403240964767;nothing
857401834298241;nothing
857498894288535;nothing
857431690961922;nothing
857413424297082;nothing
857464360958655;nothing
857421437629614;nothing
857535524284872;nothing
857453407626417;nothing
857497897621968;nothing
857433344295090;nothing
857436200961471;nothing
857411644297260;nothing
857544994283925;nothing
857561827615575;nothing
857405710964520;nothing
857416674296757;nothing
857444947627263;nothing
857611567610601;nothing
857421180962973;nothing
857583527613405;nothing
857415690963522;nothing
857588114279613;nothing
857421644296260;nothing
857461660958925;nothing
857500174288407;nothing
857547920950299;nothing
857427124295712;nothing
1114429031928852;nothing
1124561034248985;nothing
1108268302544925;nothing
1108210079217414;nothing
1108067809231641;nothing
1123760070995748;nothing
1108075479230874;nothing
1123526967685725;nothing
1123532834351805;nothing
1124032687635153;nothing
1124951157543306;nothing
1123534977684924;nothing
1123716481000107;nothing
1108391915865897;nothing
1123531507685271;nothing
1137000016338420;nothing
1113867995318289;nothing
1108412552530500;nothing
1123532854351803;nothing
1123557361016019;nothing
1123528391018916;nothing
1108280795877009;nothing
1136958943009194;nothing
1108776542494101;nothing
1124008607637561;nothing
1108414582530297;nothing
1123600741011681;nothing
1108099369228485;nothing
1127127497325672;nothing
1123551014349987;nothing
1137498942955194;nothing
1123562197682202;nothing
1108064555898633;nothing
1114353061936449;nothing
1108123302559425;nothing
1124349007603521;nothing
1123527747685647;nothing
1114034315301657;nothing
1123639151007840;nothing
1108169532554802;nothing
1137143072990781;nothing
1123670067671415;nothing
1123526034352485;nothing
1123766500995105;nothing
1124611780910577;nothing
1108080079230414;nothing
1124358550935900;nothing
1123529017685520;nothing
1108424905862598;nothing
1108183312553424;nothing
1124780500893705;nothing
1108119992559756;nothing
1123528657685556;nothing
1124546244250464;nothing
1123673967671025;nothing
1123807617657660;nothing
1108182189220203;nothing
1124519830919772;nothing
1123530991018656;nothing
1108039935901095;nothing
1123533674351721;nothing
1109047709133651;nothing
1137125552992533;nothing
1108094215895667;nothing
1123527764352312;nothing
1108116872560068;nothing
1114513245253764;nothing
1108160305889058;nothing
1137088169662938;nothing
1123564244348664;nothing
1108127882558967;nothing
1124167980954957;nothing
1108170772554678;nothing
1123532657685156;nothing
1108674455837643;nothing
1123528057685616;nothing
1124769317561490;nothing
1108088552562900;nothing
1113867471985008;nothing
1123717577666664;nothing
1123526791019076;nothing
1124601404244948;nothing
1108139785891110;nothing
1123526707685751;nothing
998471320191291;nothing
998406760197747;nothing
1007157229322700;nothing
1007192639319159;nothing
1010817442290012;nothing
1010742978964125;nothing
1010868315618258;nothing
1010740295631060;nothing
1010799018958521;nothing
1010754028963020;nothing
1007148202656936;nothing
1007177102654046;nothing
1010741262297630;nothing
1007472232624533;nothing
1010793132292443;nothing
1007272769311146;nothing
1010816012290155;nothing
1010765722295184;nothing
1010770698961353;nothing
1010734052298351;nothing
1007174299320993;nothing
1010800772291679;nothing
1007309605974129;nothing
1010803915624698;nothing
1007258572645899;nothing
1010823068956116;nothing
998407683530988;nothing
1010846415620448;nothing
1007175035987586;nothing
1007515459286877;nothing
1007142845990805;nothing
1007214712650285;nothing
1010749505630139;nothing
998400773531679;nothing
1010846598953763;nothing
1010737585631331;nothing
1007470105958079;nothing
998383473533409;nothing
1010741608964262;nothing
1010875502284206;nothing
1010745112297245;nothing
1007557992615957;nothing
1010773715627718;nothing
1010751418963281;nothing
1010754772296279;nothing
1007200232651733;nothing
1007154939322929;nothing
1007247185980371;nothing
1010734048965018;nothing
1010776465627443;nothing
1010767258961697;nothing
1010737665631323;nothing
1010749918963431;nothing
1010844958953927;nothing
1007277012644055;nothing
1010758435629246;nothing
1010773955627694;nothing
1010866075618482;nothing
1007197885985301;nothing
1007141399324283;nothing
1007156059322817;nothing
998381906866899;nothing
1010801952291561;nothing
1010762022295554;nothing
1010874975617592;nothing
1010738512297905;nothing
1007151949323228;nothing
1007248439313579;nothing
1010871775617912;nothing
1007470355958054;nothing
1010751132296643;nothing
1010734435631646;nothing
1010765645628525;nothing
1010774828960940;nothing
1010741272297629;nothing
998507720187651;nothing
1007328609305562;nothing
1010750605630029;nothing
1010813705623719;nothing
998998336805256;nothing
1010776962294060;nothing
857254894312935;nothing
857359864302438;nothing
857231674315257;nothing
857373500967741;nothing
857341324304292;nothing
857305154307909;nothing
857291800975911;nothing
857287104309714;nothing
857341947637563;nothing
857378320967259;nothing
857254457646312;nothing
857311734307251;nothing
857244534313971;nothing
857379074300517;nothing
857258184312606;nothing
857263630978728;nothing
857385960966495;nothing
857342607637497;nothing
857394424298982;nothing
857321037639654;nothing
857325984305826;nothing
857342160970875;nothing
857381164300308;nothing
857344634303961;nothing
857383547633403;nothing
857297107642047;nothing
857291894309235;nothing
857238167647941;nothing
857359947635763;nothing
857257360979355;nothing
857323077639450;nothing
857338860971205;nothing
857282620976829;nothing
857376210967470;nothing
857375277634230;nothing
857333460971745;nothing
857230560982035;nothing
857231514315273;nothing
857298910975200;nothing
857299327641825;nothing
857243257647432;nothing
857257617645996;nothing
857386624299762;nothing
857352860969805;nothing
857270067644751;nothing
857257144312710;nothing
857341790970912;nothing
857314080973683;nothing
857242094314215;nothing
857401014298323;nothing
857298457641912;nothing
857251704313254;nothing
857360610969030;nothing
857344047637353;nothing
857244260980665;nothing
857318340973257;nothing
857251207646637;nothing
857351297636628;nothing
857254017646356;nothing
857252784313146;nothing
857311634307261;nothing
857293800975711;nothing
857320410973050;nothing
857244557647302;nothing
857308774307547;nothing
857363364302088;nothing
857260994312325;nothing
857295664308858;nothing
857270167644741;nothing
857324634305961;nothing
857269410978150;nothing
857246530980438;nothing
857243147647443;nothing
857343444304080;nothing
857379017633856;nothing
857302610974830;nothing
857400330965058;nothing
857306250974466;nothing
857382910966800;nothing
857260044312420;nothing
857342207637537;nothing
857394767632281;nothing
857370310968060;nothing
857387617632996;nothing
857387644299660;nothing
857315577640200;nothing
857240080981083;nothing
857300274308397;nothing
857388070966284;nothing
857288207642937;nothing
857257034312721;nothing
857340944304330;nothing
857352497636508;nothing
857254567646301;nothing
857330797638678;nothing
857288017642956;nothing
857283017643456;nothing
857295484308876;nothing
856737771031314;nothing
856747547697003;nothing
856744394363985;nothing
856747354363689;nothing
856763487695409;nothing
856761194362305;nothing
856747371030354;nothing
856757821029309;nothing
856752937696464;nothing
856732054365219;nothing
856758891029202;nothing
856742797697478;nothing
856756424362782;nothing
856765114361913;nothing
856753951029696;nothing
856744494363975;nothing
856741557697602;nothing
856758014362623;nothing
856759317695826;nothing
856752514363173;nothing
856746097697148;nothing
856749077696850;nothing
856766504361774;nothing
856752341029857;nothing
856742914364133;nothing
856758237695934;nothing
856747267697031;nothing
856755314362893;nothing
856747331030358;nothing
856751291029962;nothing
856743601030731;nothing
856736044364820;nothing
856749221030169;nothing
856751564363268;nothing
856764711028620;nothing
856742397697518;nothing
856750527696705;nothing
856768461028245;nothing
856768077694950;nothing
856738624364562;nothing
856767501028341;nothing
856759881029103;nothing
856735557698202;nothing
856757181029373;nothing
856768447694913;nothing
856747847696973;nothing
856758741029217;nothing
856766944361730;nothing
856739277697830;nothing
856760254362399;nothing
856751787696579;nothing
856751914363233;nothing
856749531030138;nothing
856746567697101;nothing
856761157695642;nothing
856765311028560;nothing
856738011031290;nothing
856735374364887;nothing
856758854362539;nothing
856759871029104;nothing
856756044362820;nothing
856762477695510;nothing
856750134363411;nothing
856743207697437;nothing
856745984363826;nothing
856758601029231;nothing
856765397695218;nothing
856767184361706;nothing
856756327696125;nothing
856744104364014;nothing
856742154364209;nothing
856757567696001;nothing
856738597697898;nothing
856755274362897;nothing
856737927697965;nothing
856765324361892;nothing
856762161028875;nothing
856734484364976;nothing
856753707696387;nothing
856747324363692;nothing
856751251029966;nothing
856757781029313;nothing
856760401029051;nothing
856737567698001;nothing
856760684362356;nothing
856751151029976;nothing
856736731031418;nothing
856749957696762;nothing
856760271029064;nothing
856737934364631;nothing
856748511030240;nothing
856767897694968;nothing
856748811030210;nothing
856754974362927;nothing
856757131029378;nothing
856751004363324;nothing
856752667696491;nothing
856745077697250;nothing
856768134361611;nothing
856734931031598;nothing
856756157696142;nothing
856763434362081;nothing
856763287695429;nothing
856747951030296;nothing
973540912684332;nothing
972187536153003;nothing
972157652822658;nothing
972142102824213;nothing
968151869889903;nothing
968581409846949;nothing
972135869491503;nothing
972147339490356;nothing
987867087918381;nothing
987839337921156;nothing
968158803222543;nothing
972430876128669;nothing
972155702822853;nothing
987839921254431;nothing
972157932822630;nothing
968338846537872;nothing
972185119486578;nothing
987854411252982;nothing
972166329488457;nothing
972149972823426;nothing
972183672820056;nothing
972136659491424;nothing
972240582814365;nothing
968172029887887;nothing
972187806152976;nothing
972121139492976;nothing
972143482824075;nothing
972178549487235;nothing
972167579488332;nothing
968202613218162;nothing
968168719888218;nothing
968830786488678;nothing
987840424587714;nothing
972239512814472;nothing
987823691256054;nothing
972256329479457;nothing
972153086156448;nothing
968338656537891;nothing
972142359490854;nothing
972344539470636;nothing
972194932818930;nothing
987834144588342;nothing
987847837920306;nothing
972181882820235;nothing
987849521253471;nothing
972177586153998;nothing
968371926534564;nothing
972195742818849;nothing
972179452820478;nothing
968519566519800;nothing
972275222810901;nothing
972286069476483;nothing
968583859846704;nothing
972140809491009;nothing
987835131254910;nothing
968427693195654;nothing
972142386157518;nothing
972268346144922;nothing
972218492816574;nothing
972125902825833;nothing
972141579490932;nothing
987831801255243;nothing
972149432823480;nothing
987835001254923;nothing
987858534585903;nothing
968344959870594;nothing
972153209489769;nothing
987854654586291;nothing
972178949487195;nothing
968142839890806;nothing
972136796158077;nothing
968395506532206;nothing
968474893190934;nothing
968168706554886;nothing
987888984582858;nothing
987842574587499;nothing
972278256143931;nothing
972315156140241;nothing
968178159887274;nothing
972192419485848;nothing
968630243175399;nothing
972201852818238;nothing
972188132819610;nothing
968981976473559;nothing
972262089478881;nothing
987824767922613;nothing
972178436153913;nothing
972232916148465;nothing
987841497920940;nothing
968328619872228;nothing
972272596144497;nothing
968370733201350;nothing
1057724634265959;nothing
1058530490852040;nothing
1057708617600894;nothing
1057906164247806;nothing
1064934670211622;nothing
1057762914262131;nothing
1057726010932488;nothing
1064992433539179;nothing
1064731456898610;nothing
1064997240205365;nothing
1064754990229590;nothing
1064991136872642;nothing
1064761683562254;nothing
1057695457602210;nothing
1065031360201953;nothing
1064989946872761;nothing
1064991346872621;nothing
1057722117599544;nothing
1064789090226180;nothing
1064744300230659;nothing
1057934807578275;nothing
1064991653539257;nothing
1057696170935472;nothing
1057973827574373;nothing
1064820900222999;nothing
1064767243561698;nothing
1064984566873299;nothing
1064988260206263;nothing
1064983193540103;nothing
1058034070901682;nothing
1057914690913620;nothing
1064829663555456;nothing
1064763090228780;nothing
1064757913562631;nothing
1064981183540304;nothing
1057942834244139;nothing
1064996460205443;nothing
1057926480912441;nothing
1057751367596619;nothing
1057890780916011;nothing
1065025910202498;nothing
1064891833549239;nothing
1064980333540389;nothing
1058118687559887;nothing
1064983320206757;nothing
1065030373535385;nothing
1064746596897096;nothing
1064741753564247;nothing
1065032386868517;nothing
1064740713564351;nothing
1065028950202194;nothing
1057763407595415;nothing
1057893074249115;nothing
1064984270206662;nothing
1057708347600921;nothing
1064991706872585;nothing
1064984450206644;nothing
1064986403539782;nothing
1057894030915686;nothing
1064798430225246;nothing
1057697784268644;nothing
1064735343564888;nothing
1057989314239491;nothing
1065009813537441;nothing
1057938497577906;nothing
1057785784259844;nothing
1064993786872377;nothing
1064993556872400;nothing
1058120634226359;nothing
1057917330913356;nothing
1064755113562911;nothing
1064983413540081;nothing
1064993063539116;nothing
1057718864266536;nothing
1064995260205563;nothing
1064985353539887;nothing
1058721297499626;nothing
1064825120222577;nothing
1064762236895532;nothing
1057706824267740;nothing
1057812794257143;nothing
1064986003539822;nothing
1064767290228360;nothing
1064929776878778;nothing
1064993823539040;nothing
1057704184268004;nothing
1058089094229513;nothing
1057717957599960;nothing
1064780300227059;nothing
1058052934233129;nothing
1057732934265129;nothing
1058125614225861;nothing
1064988250206264;nothing
1064994093539013;nothing
1057939997577756;nothing
1065003980204691;nothing
1064999066871849;nothing
1064981430206946;nothing
1064746723563750;nothing
1057924974245925;nothing
1064735113564911;nothing
857847690920322;nothing
857655030939588;nothing
857762814262143;nothing
857831974255227;nothing
857753224263102;nothing
857615930943498;nothing
857831850921906;nothing
857785877593170;nothing
857829644255460;nothing
857822804256144;nothing
857824140922677;nothing
857754834262941;nothing
857779407593817;nothing
857756367596121;nothing
857724500932641;nothing
857828470922244;nothing
857837354254689;nothing
857746610930430;nothing
857838720921219;nothing
857766460928445;nothing
857836834254741;nothing
857816910923400;nothing
857830904255334;nothing
857730174265407;nothing
857836144254810;nothing
857743970930694;nothing
857791954259229;nothing
857694404268984;nothing
857755814262843;nothing
857753860929705;nothing
857739750931116;nothing
857811714257253;nothing
857739610931130;nothing
857622437609514;nothing
857787484259676;nothing
857793834259041;nothing
857841017587656;nothing
857786974259727;nothing
857840840921007;nothing
857770954261329;nothing
857746294263795;nothing
857839860921105;nothing
857733707598387;nothing
857739754264449;nothing
857622250942866;nothing
857839354254489;nothing
857776834260741;nothing
857749637596794;nothing
857619140943177;nothing
857822397589518;nothing
857837260921365;nothing
857618874276537;nothing
857810130924078;nothing
857772297594528;nothing
857616814276743;nothing
857830390922052;nothing
857787070926384;nothing
857831424255282;nothing
857790314259393;nothing
857847090920382;nothing
857640827607675;nothing
857722724266152;nothing
857825954255829;nothing
857756044262820;nothing
857837487588009;nothing
857829690922122;nothing
857767630928328;nothing
857796670925424;nothing
857833694255055;nothing
857763330928758;nothing
857832887588469;nothing
857763904262034;nothing
857824447589313;nothing
857767407595017;nothing
857802707591487;nothing
857616410943450;nothing
857638844274540;nothing
857730464265378;nothing
857781330926958;nothing
857778010927290;nothing
857755970929494;nothing
857846644253760;nothing
857803934258031;nothing
857825697589188;nothing
857824564255968;nothing
857821194256305;nothing
857832734255151;nothing
857718667599891;nothing
857637390941352;nothing
857827514255673;nothing
857836604254764;nothing
857773784261046;nothing
858043197567438;nothing
858110990893992;nothing
858347254203699;nothing
858080587563699;nothing
858316577540100;nothing
858089467562811;nothing
858066497565108;nothing
858077684230656;nothing
858383410866750;nothing
858043044234120;nothing
858316674206757;nothing
858313577540400;nothing
858370004201424;nothing
858361984202226;nothing
858020510903040;nothing
858367247535033;nothing
858142384224186;nothing
858356490869442;nothing
858094537562304;nothing
858276514210773;nothing
858001620904929;nothing
858090837562674;nothing
858041744234250;nothing
858020924236332;nothing
858355294202895;nothing
858185107553247;nothing
858322780872813;nothing
858002227571535;nothing
857998167571941;nothing
857998120905279;nothing
858304940874597;nothing
858045500900541;nothing
858053330899758;nothing
858278387543919;nothing
858383337533424;nothing
858050520900039;nothing
858033417568416;nothing
858314174207007;nothing
858044767567281;nothing
858001817571576;nothing
858055240899567;nothing
858385324199892;nothing
858364664201958;nothing
858055547566203;nothing
858042887567469;nothing
858074980897593;nothing
858060914232333;nothing
858019957569762;nothing
858364207535337;nothing
858056387566119;nothing
858277870877304;nothing
858031000901991;nothing
858379890867102;nothing
858041654234259;nothing
858062990898792;nothing
858048357566922;nothing
858142710890820;nothing
858102137561544;nothing
858044484233976;nothing
858359960869095;nothing
858083620896729;nothing
858325314205893;nothing
858313697540388;nothing
858378564200568;nothing
858379687533789;nothing
858375694200855;nothing
858343020870789;nothing
858347330870358;nothing
858031504235274;nothing
858079567563801;nothing
858060270899064;nothing
858305350874556;nothing
858313230873768;nothing
858013290903762;nothing
858290910876000;nothing
858371820867909;nothing
858027660902325;nothing
858069270898164;nothing
858374250867666;nothing
858380527533705;nothing
858346714203753;nothing
858044914233933;nothing
858076150897476;nothing
858056114232813;nothing
858047614233663;nothing
858315804206844;nothing
858001584238266;nothing
858333454205079;nothing
858064837565274;nothing
858301720874919;nothing
858006870904404;nothing
858379020867189;nothing
858006330904458;nothing
858107114227713;nothing
858350270870064;nothing
858031827568575;nothing
858056777566080;nothing
858349060870185;nothing
858318114206613;nothing
858006764237748;nothing
858069187564839;nothing
858383794200045;nothing
858101747561583;nothing
858081130896978;nothing
858034084235016;nothing
856900921014999;nothing
856919947679763;nothing
856863927685365;nothing
856862884352136;nothing
856863427685415;nothing
856870194351405;nothing
856907704347654;nothing
856916534346771;nothing
856883537683404;nothing
856901287681629;nothing
856917111013380;nothing
856920441013047;nothing
856898024348622;nothing
856864314351993;nothing
856867391018352;nothing
856864887685269;nothing
856875221017569;nothing
856860344352390;nothing
856873494351075;nothing
856908727680885;nothing
856888084349616;nothing
856892007682557;nothing
856860844352340;nothing
856858871019204;nothing
856884557683302;nothing
856896637682094;nothing
856914871013604;nothing
856867337685024;nothing
856900041015087;nothing
856870771018014;nothing
856860251019066;nothing
856904327681325;nothing
856875817684176;nothing
856863824352042;nothing
856865027685255;nothing
856907191014372;nothing
856865124351912;nothing
856898061015285;nothing
856871924351232;nothing
856866001018491;nothing
856903344348090;nothing
856904781014613;nothing
856904164348008;nothing
856899761015115;nothing
856888291016262;nothing
856898751015216;nothing
856865064351918;nothing
856892514349173;nothing
856887394349685;nothing
856870701018021;nothing
856918274346597;nothing
856876361017455;nothing
856883331016758;nothing
856859414352483;nothing
856884711016620;nothing
856870001018091;nothing
856886701016421;nothing
856915577680200;nothing
856869487684809;nothing
856858114352613;nothing
856871354351289;nothing
856861964352228;nothing
856856447686113;nothing
856861137685644;nothing
856887964349628;nothing
856896007682157;nothing
856861211018970;nothing
856865254351899;nothing
856870021018089;nothing
856865934351831;nothing
856912191013872;nothing
856918054346619;nothing
856856451019446;nothing
856883327683425;nothing
856863027685455;nothing
856859337685824;nothing
856908734347551;nothing
856917357680022;nothing
856864917685266;nothing
856870641018027;nothing
856863991018692;nothing
856908607680897;nothing
856884447683313;nothing
856917081013383;nothing
856888864349538;nothing
856872287684529;nothing
856918897679868;nothing
856885137683244;nothing
856891267682631;nothing
856885567683201;nothing
856896107682147;nothing
856885677683190;nothing
856855337686224;nothing
856889857682772;nothing
856906394347785;nothing
856866234351801;nothing
856900491015042;nothing
856884254349999;nothing
856867624351662;nothing
856890471016044;nothing
856863574352067;nothing
856918931013198;nothing
856881021016989;nothing
856877937683964;nothing
856919157679842;nothing
856909797680778;nothing
885839124787845;nothing
885309511507473;nothing
881989408506150;nothing
885324514839306;nothing
881977825173975;nothing
885463021492122;nothing
885307048174386;nothing
858388327532925;nothing
885310921507332;nothing
881956868509404;nothing
882364201802004;nothing
882397661798658;nothing
858391504199274;nothing
882363248468766;nothing
885332608171830;nothing
882007458504345;nothing
881949308510160;nothing
885812654790492;nothing
882016125170145;nothing
881996918505399;nothing
881948601843564;nothing
858477367524021;nothing
881958975175860;nothing
881964731841951;nothing
881961358508955;nothing
882474655124292;nothing
885325951505829;nothing
858425127529245;nothing
881987998506291;nothing
881961315175626;nothing
881996895172068;nothing
858487764189648;nothing
882353881803036;nothing
885330768172014;nothing
885814261456998;nothing
881958615175896;nothing
882035915168166;nothing
882041718500919;nothing
885811188123972;nothing
881950301843394;nothing
885840978120993;nothing
882078881830536;nothing
881956871842737;nothing
881996701838754;nothing
882270231811401;nothing
858400360865055;nothing
858392690865822;nothing
885329351505489;nothing
885814234790334;nothing
881974558507635;nothing
881971205174637;nothing
885321458172945;nothing
882110448494046;nothing
858386030866488;nothing
881955775176180;nothing
882141611824263;nothing
885310288174062;nothing
881951775176580;nothing
882004361837988;nothing
885346071503817;nothing
862094253828999;nothing
859872984051126;nothing
885819988123092;nothing
882206455151112;nothing
858395597532198;nothing
881956145176143;nothing
882071138497977;nothing
885792574792500;nothing
881971828507908;nothing
885794078125683;nothing
885321434839614;nothing
882023031836121;nothing
885844134787344;nothing
858401327531625;nothing
882155298489561;nothing
882108945160863;nothing
858388857532872;nothing
882893088415782;nothing
881956985176059;nothing
858388377532920;nothing
882216615150096;nothing
885321338172957;nothing
885809914790766;nothing
858848957486862;nothing
857942914244133;nothing
857924374245987;nothing
857955650909526;nothing
857891457582612;nothing
857968357574922;nothing
857910840914007;nothing
857870944251330;nothing
857878694250555;nothing
857907734247651;nothing
857867937584964;nothing
857899424248482;nothing
857875370917554;nothing
857863910918700;nothing
857959067575851;nothing
857994234239001;nothing
857882604250164;nothing
857947097577048;nothing
857863980918693;nothing
857906147581143;nothing
857971837574574;nothing
857971500907941;nothing
857918210913270;nothing
857887580916333;nothing
857989310906160;nothing
857944834243941;nothing
857970797574678;nothing
857859367585821;nothing
857967800908311;nothing
857976444240780;nothing
857932100911881;nothing
857895114248913;nothing
857945950910496;nothing
857950314243393;nothing
857946847577073;nothing
857953544243070;nothing
857982884240136;nothing
857971530907938;nothing
857925224245902;nothing
857864267585331;nothing
857945890910502;nothing
857952544243170;nothing
857947377577020;nothing
857965584241866;nothing
857966337575124;nothing
857874104251014;nothing
857983637573394;nothing
857972720907819;nothing
857908520914239;nothing
857982827573475;nothing
857921397579618;nothing
857874410917650;nothing
857972910907800;nothing
857990767572681;nothing
857864024252022;nothing
857971204241304;nothing
857994504238974;nothing
857868850918206;nothing
857902840914807;nothing
857887710916320;nothing
857867480918343;nothing
857961454242279;nothing
857932807578477;nothing
857905574247867;nothing
857967540908337;nothing
857959220909169;nothing
857967920908299;nothing
857856840919407;nothing
857921614246263;nothing
857913120913779;nothing
857941240910967;nothing
857854690919622;nothing
857974384240986;nothing
857854860919605;nothing
857880527583705;nothing
857865304251894;nothing
857948010910290;nothing
857957914242633;nothing
857937924244632;nothing
857901767581581;nothing
857928614245563;nothing
857994017572356;nothing
857951647576593;nothing
857966154241809;nothing
857966087575149;nothing
857994174239007;nothing
857879314250493;nothing
857894680915623;nothing
857929587578799;nothing
857970817574676;nothing
857994290905662;nothing
857981394240285;nothing
857919280913163;nothing
857980407573717;nothing
857989687572789;nothing
857971557574602;nothing
857876067584151;nothing
857924017579356;nothing
857968464241578;nothing
857970520908039;nothing
857858807585877;nothing
857869077584850;nothing
857955577576200;nothing
857868070918284;nothing
857858247585933;nothing
857970124241412;nothing
1011030668935356;nothing
1011424965562593;nothing
1044811525557270;nothing
1011045665600523;nothing
1011310622240694;nothing
1044174618954294;nothing
1044184325619990;nothing
1011468122224944;nothing
1011484625556627;nothing
1011400712231685;nothing
1010965248941898;nothing
1011486115556478;nothing
1044234402281649;nothing
1044159188955837;nothing
1011021258936297;nothing
1044550892250000;nothing
1011530132218743;nothing
1011565925548497;nothing
1010911888947234;nothing
1011105605594529;nothing
1011486765556413;nothing
1011062648932158;nothing
1011060892265667;nothing
1044140138957742;nothing
1010916095613480;nothing
1010913792280377;nothing
1011322782239478;nothing
1011386212233135;nothing
1011452935559796;nothing
1044242612280828;nothing
1011465072225249;nothing
1011488682222888;nothing
1044138542291235;nothing
1011776508860772;nothing
1044169705621452;nothing
1044288015609621;nothing
1044196118952144;nothing
1010949555610134;nothing
1011789732192783;nothing
1044518058919950;nothing
1044297322275357;nothing
1011545148883908;nothing
1044224385615984;nothing
1011446518893771;nothing
1011193662252390;nothing
1011674675537622;nothing
1010887295616360;nothing
1044195412285548;nothing
1011739788864444;nothing
1011723358866087;nothing
1044202055618217;nothing
1011472065557883;nothing
1029993337039089;nothing
1044172922287797;nothing
1011396295565460;nothing
1011487165556373;nothing
1044217865616636;nothing
1044153612289728;nothing
1011175925587497;nothing
1011490902222666;nothing
1044161302288959;nothing
1011499168888506;nothing
1011715822200174;nothing
1011574938880929;nothing
1044160218955734;nothing
1011471808891242;nothing
1011498262221930;nothing
1011067595598330;nothing
1044151542289935;nothing
1044174565620966;nothing
1044187228953033;nothing
1011488772222879;nothing
1044261052278984;nothing
1044187718952984;nothing
1011230645582025;nothing
1044260415612381;nothing
1031217136916709;nothing
1044159205622502;nothing
1011153805589709;nothing
1011182335586856;nothing
1011541722217584;nothing
1011449328893490;nothing
1044151815623241;nothing
1010886065616483;nothing
1010894402282316;nothing
1044801805558242;nothing
1011539425551147;nothing
1011494432222313;nothing
1011476112224145;nothing
1010885995616490;nothing
1011477462224010;nothing
1011543785550711;nothing
1044159972289092;nothing
1044152992289790;nothing
1011347975570292;nothing
1011216768916746;nothing
1011488115556278;nothing
1010918398946583;nothing
1240;nothing
1241;nothing
1001;nothing
1251;nothing
1281;nothing
1386969173666979840;nothing
1308;nothing
1312;nothing
1314;nothing
1036;nothing
1328;nothing
1342;nothing
1349;nothing
1387;nothing
1393;nothing
1453;nothing
1459;nothing
1584;nothing
1588;nothing
1608;nothing
1616;nothing
1617;nothing
1629;nothing
1654;nothing
1658;nothing
1671;nothing
1673;nothing
1680;nothing
1684;nothing
1701;nothing
1710;nothing
1782;nothing
1784;nothing
1043630395675383;nothing
1055104017861354;nothing
1055101301194959;nothing
1043627575675665;nothing
1043733988998357;nothing
982737921764631;nothing
982727455099011;nothing
1056932054345217;nothing
982653988439691;nothing
982647478440342;nothing
982668681771555;nothing
982659698439120;nothing
1035145606523862;nothing
1105417686163320;nothing
1010336555671434;nothing
882716331766791;nothing
882854798419611;nothing
1018210654884024;nothing
1095905710447851;nothing
1095997247105364;nothing
1096051250433297;nothing
945838155454608;nothing
945865975451826;nothing
1007158309322592;nothing
1007495675955522;nothing
1007130129325410;nothing
1107897799248642;nothing
1067279046643851;nothing
1107842619254160;nothing
1084439864927769;nothing
1108317305873358;nothing
1137069542998134;nothing
1108081182563637;nothing
1010744302297326;nothing
857356334302791;nothing
