id;dbo
1064352826936473;FALSE
1069126649792424;FALSE
1065882913450131;FALSE
1065867473451675;FALSE
1064442286927527;FALSE
1064358353602587;FALSE
1065880866783669;FALSE
1065842083454214;FALSE
1065825330122556;FALSE
1065850386786717;FALSE
1065802840124805;FALSE
1066279683410454;FALSE
1065883433450079;FALSE
1065834113455011;FALSE
1069077889797300;FALSE
1065847320120357;FALSE
1065865826785173;FALSE
1065979783440444;FALSE
1064441946927561;FALSE
1069164643121958;FALSE
1065926850112404;FALSE
1065817270123362;FALSE
1064921366879619;FALSE
1064377680267321;TRUE
1069077826463973;FALSE
1064634410241648;FALSE
1065801540124935;FALSE
1065826126789143;FALSE
1064623233576099;FALSE
1065875520117537;FALSE
1066592630045826;FALSE
1065848556786900;FALSE
1069175566454199;FALSE
1069188103119612;FALSE
1064387276933028;FALSE
1066007663437656;FALSE
1065813310123758;FALSE
1064381780266911;FALSE
1065818066789949;FALSE
1065822366789519;FALSE
1069101569794932;FALSE
1064404710264618;FALSE
1065946923443730;FALSE
1065851463453276;FALSE
1069075119797577;FALSE
1064614890243600;FALSE
1065854863452936;FALSE
1068395143198908;FALSE
1065799090125180;FALSE
1065855763452846;FALSE
1064461296925626;FALSE
1066033570101732;FALSE
1064402123598210;FALSE
1065867140118375;FALSE
1065805110124578;FALSE
1069166706455085;FALSE
1069074516464304;FALSE
1069075413130881;FALSE
1069103966461359;FALSE
1066090106762745;FALSE
1069095463128876;FALSE
1064391633599259;FALSE
1064358746935881;FALSE
1064394670265622;FALSE
1069110806460675;FALSE
1069085549796534;FALSE
1065985990106490;FALSE
1069102383128184;FALSE
1065879573450465;FALSE
1069201959784893;FALSE
1069104509794638;FALSE
1069083516463404;FALSE
1064679836903772;FALSE
1069102703128152;FALSE
1065798570125232;FALSE
1065801513458271;FALSE
1064394863598936;FALSE
1065805330124556;FALSE
1069070266464729;FALSE
1065811160123973;FALSE
1064377963600626;FALSE
1069230189782070;FALSE
1065860843452338;FALSE
1065868406784915;FALSE
1069092659795823;FALSE
1065834536788302;FALSE
1065801736791582;FALSE
1064697370235352;FALSE
1069070003131422;FALSE
1069222269782862;FALSE
1065799833458439;FALSE
1064687373569685;FALSE
1066239046747851;FALSE
1064442566927499;FALSE
1064378270267262;FALSE
1068672513171171;FALSE
1065829703455452;FALSE
1064373523601070;FALSE
1069228466448909;FALSE
1065885236783232;FALSE
1065799943458428;FALSE
1064407823597640;FALSE
1069112593127163;FALSE
1065826766789079;FALSE
1066000776771678;FALSE
1065904426781313;FALSE
1134286249943130;FALSE
1134265519945203;FALSE
1152506001454488;FALSE
1134157633289325;FALSE
1152509254787496;FALSE
1121888441182911;FALSE
1152512421453846;FALSE
1134078783297210;FALSE
1134208546617567;FALSE
1134158463289242;FALSE
1152507614787660;FALSE
1134160643289024;FALSE
1134227953282293;FALSE
1134193389952416;FALSE
1152511584787263;FALSE
1152507544787667;FALSE
1121886921183063;FALSE
1134098659961889;TRUE
1152561828115572;FALSE
1134235966614825;FALSE
1134559846582437;FALSE
1152549868116768;FALSE
1121952114509877;FALSE
1134980119873743;FALSE
1134141123290976;TRUE
1134078896630532;FALSE
1152508224787599;FALSE
1134400506598371;FALSE
1134091833295905;TRUE
1134164913288597;FALSE
1134071323297956;FALSE
1134242763280812;FALSE
1134074543297634;FALSE
1134906843214404;FALSE
1134072649964490;FALSE
1134095683295520;FALSE
1134117419960013;FALSE
1152503238121431;FALSE
1134086343296454;FALSE
1152509614787460;FALSE
1152505068121248;FALSE
1152555218116233;FALSE
1152545491450539;FALSE
1152503938121361;FALSE
1134461446592277;FALSE
1152556571449431;FALSE
1134084673296621;FALSE
1134113359960419;FALSE
1134109766627445;FALSE
1152575421447546;FALSE
1134204663284622;TRUE
1134580369913718;FALSE
1152503151454773;FALSE
1134083793296709;FALSE
1134130163292072;FALSE
1134090283296060;FALSE
1134078353297253;FALSE
1134221639949591;FALSE
1121635661208189;FALSE
1134220093283079;FALSE
1152510504787371;FALSE
1134078093297279;FALSE
1134114236626998;FALSE
1134073256631096;FALSE
1152507398121015;FALSE
1134204919951263;FALSE
1134073803297708;FALSE
1121859697852452;FALSE
1121870664518022;FALSE
1134076433297445;FALSE
1121736904531398;FALSE
1152518994786522;FALSE
1152544111450677;FALSE
1134232853281803;FALSE
1134096826628739;FALSE
1134444006594021;FALSE
1134564823248606;FALSE
1122480201123735;FALSE
1134156053289483;FALSE
1134152353289853;FALSE
1134075309964224;FALSE
1134104273294661;FALSE
1134149589956796;FALSE
1134112789960476;FALSE
1121678921203863;FALSE
1134199179951837;FALSE
1134131393291949;FALSE
1121813904523698;FALSE
1152513101453778;FALSE
1134073026631119;FALSE
1152537074784714;FALSE
1152571138114641;FALSE
1134077456630676;FALSE
1152501948121560;FALSE
1152510788120676;FALSE
1134220339949721;FALSE
1134100823295006;FALSE
1122473404457748;FALSE
1121907364514352;FALSE
1134070616631360;FALSE
1152547031450385;FALSE
1152533004785121;FALSE
1134083156630106;FALSE
1122246361147119;FALSE
1134108226627599;FALSE
1134186703286418;FALSE
1122253194479769;FALSE
1134091023295986;FALSE
1063476433690779;FALSE
1063849670320122;FALSE
1063466790358410;FALSE
1063715673666855;FALSE
1063660390339050;FALSE
1063748213663601;FALSE
1063266350378454;FALSE
1064117936959962;FALSE
1064309123607510;FALSE
1063667860338303;FALSE
1063307113707711;FALSE
1063680163670406;FALSE
1063283950376694;FALSE
1064314440273645;FALSE
1063289817042774;FALSE
1063684410336648;FALSE
1063749530330136;FALSE
1063787813659641;FALSE
1063638593674563;FALSE
1063351790369910;FALSE
1063670717004684;FALSE
1063716930333396;FALSE
1063671300337959;FALSE
1063649707006785;FALSE
1063286510376438;FALSE
1064063733632049;FALSE
1063670073671415;FALSE
1063687770336312;FALSE
1063296337042122;TRUE
1063451123693310;FALSE
1063797453658677;FALSE
1063637447008011;FALSE
1063657857005970;FALSE
1063308820374207;TRUE
1063324250372664;FALSE
1064049030300186;FALSE
1063723953666027;FALSE
1064347443603678;FALSE
1063726910332398;FALSE
1064062806965475;FALSE
1064169466954809;FALSE
1064308590274230;FALSE
1063435480361541;FALSE
1064306163607806;FALSE
1064311940273895;FALSE
1063426990362390;FALSE
1064310513607371;FALSE
1064188443619578;FALSE
1063639820341107;FALSE
1063771450327944;FALSE
1063294373708985;FALSE
1063649617006794;FALSE
1063646403673782;FALSE
1064054183633004;FALSE
1063353723703050;FALSE
1063865090318580;FALSE
1063444290360660;TRUE
1064311040273985;FALSE
1063849416986814;FALSE
1063639893674433;FALSE
1063827696988986;FALSE
1063669603671462;FALSE
1064305660274523;FALSE
1063447847026971;FALSE
1064218396949916;FALSE
1064310960273993;FALSE
1063690973669325;FALSE
1063294220375667;FALSE
1063657183672704;FALSE
1063319780373111;FALSE
1063780020327087;FALSE
1063664170338672;FALSE
1063302820374807;FALSE
1064060553632367;FALSE
1063814940323595;FALSE
1063284713709951;FALSE
1063397300365359;FALSE
1063638407007915;FALSE
1063808330324256;FALSE
1064057540299335;FALSE
1063665230338566;FALSE
1064309613607461;FALSE
1063741320330957;FALSE
1063729440332145;FALSE
1063798360325253;FALSE
1063685313669891;FALSE
1063659203672502;FALSE
1064351283603294;FALSE
1063422763696146;FALSE
1063747023663720;FALSE
1064337213604701;FALSE
1063681657003590;FALSE
1063288037042952;FALSE
1064345083603914;FALSE
1064080783630344;TRUE
1063729926998763;FALSE
1063793426992413;FALSE
1064316866940069;FALSE
1063436010361488;FALSE
1063583507013405;FALSE
1063454330359656;FALSE
1064107826960973;FALSE
1063291110375978;FALSE
1063658643672558;FALSE
1063682823670140;FALSE
1063496310355458;FALSE
1064151260289963;FALSE
1063670293671393;FALSE
1063806246991131;FALSE
1063299227041833;FALSE
1064313043607118;FALSE
1064075706964185;FALSE
1063694383668984;FALSE
1064314573606965;FALSE
1063674110337678;FALSE
1063498147021941;FALSE
1063564963681926;FALSE
1063342623704160;FALSE
1063690957002660;FALSE
1063748500330239;FALSE
1063788626992893;FALSE
1063765766995179;FALSE
1063678867003869;FALSE
1063655633672859;FALSE
1064056406966115;FALSE
1064096090295480;TRUE
1063604387011317;FALSE
862041743834250;FALSE
876259825745775;FALSE
876251902413234;FALSE
874708579234233;TRUE
862041870500904;FALSE
861980090507082;FALSE
874561902582234;FALSE
862448820460209;FALSE
876263995745358;FALSE
862150117156746;FALSE
861976453840779;FALSE
876259745745783;FALSE
862798533758571;FALSE
876254475746310;FALSE
874508542587570;FALSE
876259369079154;FALSE
862703553768069;FALSE
862036823834742;FALSE
862160940488997;FALSE
862033597168398;FALSE
862071497164608;FALSE
862199050485186;FALSE
862009070504184;FALSE
876247772413647;FALSE
876253525746405;FALSE
876254022413022;FALSE
862006910504400;FALSE
862019293836495;FALSE
861975467174211;FALSE
861980787173679;FALSE
862016080503483;FALSE
862079637163794;FALSE
876258825745875;FALSE
861978740507217;FALSE
862405443797880;FALSE
862104167161341;FALSE
862003720504719;FALSE
861972287174529;FALSE
862287450476346;FALSE
862031627168595;TRUE
862013760503715;FALSE
874451869259904;FALSE
874456335926124;FALSE
862034650501626;FALSE
862014923836932;FALSE
862118067159951;FALSE
862025800502511;FALSE
862014460503645;FALSE
862053823833042;FALSE
876246372413787;FALSE
876263359078755;FALSE
862011443837280;FALSE
862083063830118;FALSE
862051550499936;FALSE
874544392583985;FALSE
862017033836721;FALSE
862030910502000;FALSE
862038220501269;FALSE
862019510503140;FALSE
861980497173708;FALSE
861981233840301;FALSE
861975947174163;FALSE
862011067170651;FALSE
862016893836735;FALSE
862029197168838;FALSE
876248239080267;FALSE
862122023826222;FALSE
862016450503446;FALSE
861988630506228;FALSE
876247859080305;FALSE
862009770504114;FALSE
876268325744925;FALSE
862117000493391;FALSE
862125147159243;FALSE
876258562412568;FALSE
862015433836881;FALSE
862252510479840;FALSE
876249169080174;FALSE
862154243823000;FALSE
876253389079752;FALSE
862078310497260;FALSE
876267902411634;FALSE
862197010485390;FALSE
862001143838310;FALSE
874798709225220;FALSE
862039243834500;FALSE
862063397165418;FALSE
876247709080320;FALSE
862265807145177;FALSE
874452132593211;FALSE
875564845815273;FALSE
862093087162449;FALSE
861973257174432;FALSE
862031827168575;FALSE
862059397165818;FALSE
862107193827705;FALSE
862088437162914;TRUE
874735239231567;FALSE
876245452413879;FALSE
876244629080628;FALSE
862085357163222;FALSE
862011603837264;FALSE
876245732413851;FALSE
862081973830227;FALSE
862125047159253;FALSE
862156303822794;FALSE
862032690501822;FALSE
862469483791476;TRUE
874734509231640;FALSE
862117510493340;FALSE
876265015745256;FALSE
861998647171893;FALSE
862528360452255;FALSE
876246755747082;FALSE
876257552412669;FALSE
862004010504690;FALSE
864263506945407;FALSE
861973280507763;FALSE
876248339080257;FALSE
862705407101217;FALSE
874463212592103;FALSE
876244359080655;FALSE
862052020499889;FALSE
861988057172952;FALSE
861995233838901;FALSE
861994247172333;FALSE
862115850493506;FALSE
862029277168830;FALSE
862003863838038;FALSE
862018620503229;FALSE
862514710453620;FALSE
874469049258186;TRUE
862169177154840;FALSE
862011597170598;FALSE
862302060474885;FALSE
876245505747207;FALSE
1111312128907209;FALSE
1111424808895941;FALSE
1111495368888885;FALSE
1111329082238847;FALSE
1121268471244908;FALSE
1112214332150322;FALSE
1107477809290641;FALSE
1106865496018539;FALSE
1111621455542943;FALSE
1112118485493240;FALSE
1111392245565864;FALSE
1112092768829145;FALSE
1120365484668540;FALSE
1111378725567216;FALSE
1111338472237908;FALSE
1113163708722051;FALSE
1111657505539338;FALSE
1111407378897684;FALSE
1111630342208721;FALSE
1111375918900830;FALSE
1111392292232526;FALSE
1120185341353221;FALSE
1107503942621361;FALSE
1111317742239981;FALSE
1121590457879376;FALSE
1111542892217466;FALSE
1111392252232530;FALSE
1111317028906719;FALSE
1111349082236847;FALSE
1112182468820175;FALSE
1112468378791584;FALSE
1111370078901414;FALSE
1111945822177173;FALSE
1111357252236030;FALSE
1112624902109265;FALSE
1120179601353795;FALSE
1111791922192563;FALSE
1111495468888875;FALSE
1112440668794355;FALSE
1120374664667622;FALSE
1113163535388735;FALSE
1111417775563311;FALSE
1120476951324060;FALSE
1120520017986420;FALSE
1111875638850858;FALSE
1111307568907665;FALSE
1111321718906250;FALSE
1111605385544550;FALSE
1120257561345999;FALSE
1120548324650256;FALSE
1111603688878053;FALSE
1111352755569813;FALSE
1111435192228236;FALSE
1111938908844531;FALSE
1111335822238173;FALSE
1111330555572033;FALSE
1121592861212469;FALSE
1111316178906804;FALSE
1111399948898427;FALSE
1111994962172259;FALSE
1111400325565056;FALSE
1120447244660364;FALSE
1111529922218763;FALSE
1121598541211901;FALSE
1111345025570586;FALSE
1111557215549367;FALSE
1111345045570584;FALSE
1111620125543076;FALSE
1120452641326491;FALSE
1111321925572896;FALSE
1111310782240677;FALSE
1111479595557129;FALSE
1111312455573843;FALSE
1111347358903686;FALSE
1111307682240987;FALSE
1111884288849993;FALSE
1111388782232877;FALSE
1111842592187496;FALSE
1111902865514802;FALSE
1111542002217555;FALSE
1111602728878149;FALSE
1111645795540509;FALSE
1113783251993430;FALSE
1120537601317995;FALSE
1111350362236719;FALSE
1111357285569360;FALSE
1120268948011527;FALSE
1111440092227746;FALSE
1111307352241020;FALSE
1111599055545183;FALSE
1111345252237230;FALSE
1121620637876358;FALSE
1111368922234863;FALSE
1111854672186288;FALSE
1112606382111117;FALSE
1111392328899189;FALSE
1120196241352131;FALSE
1111833192188436;FALSE
1111860795519009;FALSE
1111615315543557;FALSE
1111322655572823;FALSE
1121274834577605;FALSE
1111307342241021;FALSE
1111629388875483;FALSE
1111858225519266;FALSE
1111344345570654;FALSE
1111453502226405;FALSE
1111628788875543;FALSE
1111307538907668;FALSE
1111453638893058;FALSE
1111515365553552;FALSE
1111322248906197;FALSE
1121626494542439;FALSE
1112236108814811;FALSE
1111476575557431;FALSE
1111670682204687;FALSE
1120472281324527;FALSE
1111660015539087;FALSE
1111349058903516;FALSE
1111314652240290;FALSE
1112049975500091;FALSE
1120271024677986;FALSE
1120385961333159;FALSE
1112216362150119;FALSE
1043610535677369;FALSE
1052492288122527;FALSE
1055748544463568;FALSE
1043750598996696;FALSE
1043700932334996;FALSE
1043746055663817;FALSE
1052520624786360;FALSE
1052449404793482;FALSE
1052539804784442;FALSE
1043893125649110;FALSE
1043600619011694;FALSE
1055077381197351;FALSE
1055088947862861;FALSE
1055645141140575;FALSE
1043659169005839;FALSE
1052414134797009;FALSE
1043731752331914;FALSE
1043611112343978;FALSE
1055369587834797;FALSE
1055130271192062;FALSE
1055107497861006;FALSE
1052431584795264;FALSE
1056476224390800;FALSE
1055074841197605;TRUE
1043661422338947;FALSE
1056477567723999;FALSE
1043638669007889;FALSE
1043621275676295;FALSE
1043673575671065;FALSE
1055351044503318;FALSE
1055090364529386;FALSE
1055267614511661;FALSE
1044517805586642;FALSE
1043982418973514;FALSE
1052433518128404;FALSE
1055857477786008;FALSE
1055247137847042;FALSE
1043801362324953;FALSE
1052428821462207;TRUE
1052381618133594;FALSE
1043666432338446;FALSE
1055201481184941;FALSE
1052419928129763;FALSE
1044222652282824;FALSE
1055294001175689;FALSE
1056474807724275;FALSE
1052573048114451;FALSE
1044179615620461;FALSE
1052379904800432;FALSE
1043638379007918;FALSE
1055079777863778;FALSE
1052408591464230;FALSE
1043629695675453;FALSE
1052486301456459;FALSE
1055301207841635;FALSE
1043623315676091;FALSE
1043715875666835;FALSE
1055332594505163;FALSE
1055083457863410;FALSE
1055199384518484;FALSE
1043687465669676;FALSE
1043739118997844;FALSE
1043771505661272;FALSE
1055104181194671;FALSE
1055522374486185;FALSE
1052389691466120;FALSE
1055104314527991;FALSE
1043800472325042;FALSE
1043749502330139;FALSE
1043677555670667;FALSE
1055400284498394;FALSE
1055326861172403;FALSE
1044362965602126;FALSE
1055080604530362;FALSE
1053354491369640;FALSE
1055117264526696;FALSE
1055294291175660;FALSE
1043701315668291;FALSE
1055148227856933;FALSE
1055077094530713;FALSE
1043834232321666;FALSE
1055739437797812;FALSE
1043675199004236;FALSE
1052384821466607;FALSE
1055213424517080;FALSE
1055080567863699;FALSE
1043755485662874;FALSE
1052510378120718;FALSE
1043676682337421;FALSE
1055102137861542;FALSE
1043729178998838;FALSE
1052394794798943;FALSE
1055080804530342;FALSE
1052435194794903;FALSE
1055310961173993;FALSE
982683051770118;FALSE
982682325103524;FALSE
982727728432317;FALSE
982691665102590;FALSE
982697095102047;FALSE
982725155099241;TRUE
982692395102517;FALSE
982695215102235;FALSE
982690405102716;FALSE
982771595094597;TRUE
982825901755833;FALSE
982687998436290;FALSE
982725998432490;FALSE
982705341767889;FALSE
982722395099517;FALSE
982682125103544;FALSE
982695398435550;FALSE
982695805102176;FALSE
982793801759043;FALSE
982683101770113;FALSE
982690255102731;TRUE
982782575093499;FALSE
982912908413799;FALSE
982788868426203;FALSE
982683845103372;TRUE
982732635098493;FALSE
982793518425738;FALSE
982803401758083;FALSE
982737921764631;FALSE
982758831762540;FALSE
982691295102627;FALSE
982702985101458;TRUE
982702778434812;FALSE
982682591770164;FALSE
982733315098425;FALSE
982774601760963;FALSE
982780978426992;FALSE
982796208425469;FALSE
982705918434498;FALSE
982741491764274;FALSE
982701001768323;FALSE
982709668434123;FALSE
982738235097933;FALSE
982709665100790;FALSE
982809215090835;TRUE
982722458432844;FALSE
982694108435679;FALSE
982721958432894;FALSE
982737341764689;FALSE
982749315096825;FALSE
982725318432558;FALSE
982724705099286;FALSE
982698225101934;FALSE
982727455099011;FALSE
982682431770180;FALSE
982680641770359;FALSE
982767018428388;FALSE
982711751767248;FALSE
982758971762526;TRUE
982773855094371;FALSE
982679038437186;FALSE
982692651769158;FALSE
982805245091232;FALSE
982763018428788;FALSE
982724235099333;FALSE
982753061763117;FALSE
982913048413785;TRUE
982772741761149;TRUE
982780281760395;FALSE
982704095101347;TRUE
982773048427785;FALSE
982728515098905;FALSE
982779478427142;FALSE
982767168428373;FALSE
982742458430844;FALSE
982711531767270;FALSE
982690425102714;FALSE
982694978435592;FALSE
982751808429909;FALSE
982689381769485;FALSE
982684211770002;FALSE
982694361768987;FALSE
982752581763165;FALSE
982680888437001;FALSE
982791521759271;TRUE
982811488423941;FALSE
982725398432550;FALSE
982680268437063;FALSE
982693541769069;FALSE
982715175100239;FALSE
982736538431436;FALSE
982686618436428;FALSE
982743661764057;TRUE
982711565100600;FALSE
982775285094228;FALSE
982726031765820;FALSE
982800805091676;FALSE
982782308426859;FALSE
982738458431244;FALSE
982690371769386;FALSE
982756335096123;FALSE
982744221764001;FALSE
982747248430365;FALSE
982738691764554;FALSE
982741408430949;TRUE
982733215098435;FALSE
982684071770016;FALSE
982778395093917;FALSE
982768068428283;FALSE
982680211770402;FALSE
982722861766137;FALSE
982684261769997;FALSE
982722785099478;FALSE
982725548432535;FALSE
982681518436938;FALSE
982934845078272;FALSE
982708345100922;FALSE
982708021767621;FALSE
982699498435140;FALSE
982725431765880;FALSE
982712318433858;FALSE
982752605096496;FALSE
982680345103722;FALSE
982711541767269;FALSE
982734538431636;FALSE
982699331768490;FALSE
982760581762365;TRUE
982684355103321;FALSE
982727258432364;FALSE
1056977741007315;FALSE
1063239983714424;FALSE
1056920734346349;FALSE
1063248453713577;FALSE
1063243097047446;FALSE
1063236650381424;FALSE
1063240270381062;FALSE
1063231297048626;FALSE
1056996641005425;FALSE
1057062304332192;FALSE
1056489117722844;FALSE
1056906764347746;FALSE
1056955134342909;FALSE
1057592384279184;FALSE
1057068510998238;FALSE
1056931354345287;FALSE
1056690291036060;FALSE
1057873087584447;FALSE
1057785180926571;FALSE
1056500504388372;FALSE
1057559687615787;FALSE
1056908934347529;FALSE
1056913357680420;FALSE
1056923594346063;FALSE
1057053920999697;FALSE
1056922834346139;FALSE
1057433487628407;FALSE
1057041454334277;FALSE
1057067930998296;FALSE
1056923694346053;FALSE
1056569714381451;TRUE
1056932044345218;FALSE
1056498551055234;FALSE
1056491137722642;FALSE
1056728667698889;FALSE
1063251137046642;FALSE
1057440864294336;FALSE
1056531561051933;FALSE
1057125894325833;FALSE
1056936507678105;FALSE
1056926547679101;FALSE
1057122384326184;FALSE
1056500487721707;FALSE
1056991981005891;FALSE
1057404930964596;FALSE
1063258370379252;FALSE
1056916587680097;FALSE
1056971114341311;FALSE
1056793747692381;FALSE
1056639154374507;FALSE
1056907271014362;FALSE
1056969221008167;FALSE
1057095907662165;FALSE
1056932061011883;FALSE
1056719151033174;FALSE
1057129507658805;FALSE
1056942394344183;FALSE
1056971781007911;FALSE
1056911191013970;FALSE
1057128457658910;FALSE
1056912447680511;FALSE
1057070520998037;FALSE
1057075300997559;FALSE
1063230390382050;FALSE
1056962287675527;FALSE
1063237157048040;FALSE
1056490514389371;FALSE
1057126817659074;FALSE
1056929317678824;FALSE
1057099190995170;FALSE
1057097867661969;FALSE
1056963357675420;FALSE
1057688570936232;FALSE
1057451710959918;FALSE
1056926087679147;FALSE
1056978677673888;FALSE
1057207600984329;FALSE
1056932461011843;FALSE
1063233230381766;FALSE
1063264773711945;FALSE
1063234727048283;FALSE
1056909707680785;FALSE
1057129300992159;FALSE
1056948754343547;FALSE
1056486084389814;FALSE
982671028437987;FALSE
982666485105108;FALSE
982667181771705;FALSE
982641438440946;FALSE
982638668441223;FALSE
982640125107744;FALSE
982664388438651;FALSE
982650225106734;FALSE
982640508441039;FALSE
982656591772764;FALSE
982650628440027;FALSE
982643815107375;FALSE
982673688437721;FALSE
982643175107439;FALSE
982649471773476;FALSE
982668581771565;FALSE
982645611773862;FALSE
982642421774181;FALSE
982647728440317;FALSE
982650015106755;FALSE
982644841773939;FALSE
982645155107241;FALSE
982670511771372;FALSE
982665751771848;FALSE
982647085107048;FALSE
982645708440519;FALSE
982669105104846;FALSE
982643845107372;FALSE
982650065106750;FALSE
982650038440086;FALSE
982673061771117;FALSE
982645291773894;FALSE
982664155105341;FALSE
982654551772968;FALSE
982638135107943;FALSE
977319952306428;FALSE
982672668437823;FALSE
982652568439833;FALSE
982672218437868;FALSE
982656615106095;FALSE
982640461774377;FALSE
982670491771374;FALSE
982666975105059;FALSE
982643488440741;FALSE
982640215107735;FALSE
982645218440568;FALSE
982644808440609;FALSE
982668788438211;FALSE
982647495107007;FALSE
982645728440517;FALSE
982653415106415;FALSE
982642991774124;FALSE
982670338438056;FALSE
982644185107338;FALSE
982667548438335;FALSE
982645988440491;FALSE
982655095106247;FALSE
982662905105466;FALSE
982648941773529;FALSE
982648005106956;FALSE
982650408440049;FALSE
982643911774032;FALSE
982667521771671;FALSE
982645595107197;FALSE
982644018440688;FALSE
982646485107108;FALSE
982648488440241;FALSE
982648538440236;FALSE
982645108440579;FALSE
982661895105567;FALSE
982647691773654;FALSE
982660901772333;FALSE
982642228440867;FALSE
982660551772368;FALSE
982652551773168;FALSE
982647478440342;FALSE
982645771773846;FALSE
982639621774461;FALSE
982650515106705;FALSE
982642861774137;FALSE
982663045105452;FALSE
982644931773930;FALSE
982661018438988;FALSE
982645125107244;FALSE
982640571774366;FALSE
982648948440195;FALSE
982670738438016;FALSE
982646611773762;FALSE
982657441772679;FALSE
982639978441092;FALSE
982653405106416;FALSE
982668795104877;FALSE
982641418440948;FALSE
982641128440977;FALSE
982675395104217;FALSE
982668378438252;FALSE
982667678438322;FALSE
982654975106259;FALSE
982652295106527;FALSE
982664361771987;FALSE
982640515107705;FALSE
982639608441129;FALSE
982663475105409;FALSE
982639015107855;FALSE
982663395105417;FALSE
982674361770987;FALSE
982663445105412;FALSE
982667411771682;FALSE
982639265107830;FALSE
982640528441037;FALSE
982645065107250;FALSE
982642978440792;FALSE
982658631772560;FALSE
982654891772934;FALSE
982641495107607;FALSE
982648235106933;FALSE
982645278440562;FALSE
977495788955511;FALSE
982656661772757;FALSE
982646641773759;FALSE
982669785104778;FALSE
982662615105495;FALSE
982645671773856;FALSE
982667288438361;FALSE
982645975107159;FALSE
982647985106958;FALSE
982673211771102;FALSE
982668548438235;FALSE
982669145104842;FALSE
977281955643561;FALSE
982650218440068;FALSE
982663398438750;FALSE
982641451774278;FALSE
982642275107529;FALSE
982654338439656;FALSE
982668075104949;FALSE
982671295104627;FALSE
982643231774100;FALSE
982648425106914;FALSE
982649088440181;FALSE
982645165107240;FALSE
982648198440270;FALSE
982668221771601;FALSE
982661778438912;FALSE
982651128439977;FALSE
982663988438691;FALSE
982673251771098;FALSE
1035101939861562;FALSE
1035103806528042;FALSE
1035127713192318;FALSE
1035164133188676;FALSE
1035394633165626;FALSE
1035677543137335;FALSE
1035104806527942;FALSE
1038639076174515;FALSE
1035421513162938;FALSE
1039288412776248;FALSE
1035098359861920;FALSE
1035621066476316;FALSE
1035157769855979;FALSE
1035112926527130;FALSE
1038620636176359;FALSE
1035129836525439;FALSE
1035112406527182;FALSE
1035131606525262;FALSE
1035146143190475;FALSE
1035385399833216;FALSE
1035159103189179;FALSE
1035128513192238;FALSE
1035101543194935;FALSE
1035128346525588;FALSE
1037254422979647;FALSE
1035135089858247;FALSE
1035122989859457;FALSE
1038646976173725;FALSE
1035123543192735;FALSE
1035158126522610;FALSE
1035567533148336;FALSE
1035702549801501;FALSE
1035552849816471;FALSE
1035619196476503;FALSE
1035164869855269;FALSE
1035614636476959;FALSE
1035120989859657;FALSE
1043591835679239;FALSE
1035560899815666;FALSE
1035430883162001;FALSE
1035391983165891;FALSE
1035135839858172;FALSE
1035106536527769;FALSE
1035111649860591;FALSE
1035429613162128;FALSE
1035182749853481;FALSE
1035162073188882;FALSE
1038630792842010;FALSE
1035099756528447;FALSE
1038633692841720;FALSE
1038640542841035;FALSE
1035118613193228;FALSE
1038679302837159;FALSE
1035104626527960;FALSE
1038628039508952;FALSE
1035919683113121;FALSE
1035140186524404;FALSE
1035197319852024;FALSE
1035145703190519;FALSE
1035118486526574;FALSE
1035133939858362;FALSE
1035103173194772;FALSE
1035123016526121;FALSE
1035369516501471;FALSE
1035135369858219;TRUE
1035196396518783;FALSE
1035568876481535;FALSE
1043594905678932;FALSE
1035128023192287;FALSE
1036181086420314;FALSE
1035709866467436;FALSE
1035107369861019;FALSE
1043586912346398;FALSE
1035130399858716;FALSE
1038714449500311;FALSE
1035436293161460;FALSE
1036834196355003;FALSE
1038637509508005;FALSE
1035101146528308;FALSE
1035188559852900;FALSE
1035136623191427;FALSE
1035127179859038;FALSE
1035796446458778;FALSE
1035462149825541;FALSE
1038805842824505;FALSE
1038635296174893;FALSE
1035126116525811;FALSE
1035134359858320;FALSE
1035403293164760;FALSE
1035106663194423;FALSE
1035191949852561;FALSE
1035108219860934;FALSE
1035184499853306;FALSE
1035637153141374;FALSE
1038656262839463;FALSE
1035117356526687;FALSE
1036656696372753;FALSE
1035354283169661;FALSE
1043596829012073;FALSE
1035377139834042;FALSE
1035397626498660;FALSE
1035123166526106;FALSE
1035130163192073;FALSE
1038624842842605;FALSE
1035113829860373;FALSE
1035102176528205;FALSE
1035139989857757;FALSE
1043593015679121;FALSE
1018220278216395;FALSE
989452951093128;FALSE
985365861501837;FALSE
985358084835948;FALSE
989188311119592;FALSE
991239780914445;FALSE
991241050914318;FALSE
985473014824455;TRUE
985443878160702;FALSE
985422278162862;FALSE
989214624450294;FALSE
991237244248032;FALSE
985394524832304;FALSE
985356151502808;FALSE
991236564248100;FALSE
991237107581379;FALSE
991240924247664;FALSE
985352358169854;FALSE
983220088383081;FALSE
985355674836189;FALSE
984692861569137;FALSE
991237427581347;FALSE
985458258159264;FALSE
985459271492496;FALSE
983090995062657;FALSE
983186481719775;FALSE
991237677581322;FALSE
989212407783849;FALSE
989174717787618;FALSE
985418258163264;FALSE
985380228167067;FALSE
991236607581429;FALSE
985375248167565;FALSE
985394224832334;FALSE
982972268407863;FALSE
991239970914426;FALSE
985369244834832;FALSE
991240810914342;FALSE
991240897581000;FALSE
989211247783965;FALSE
985457398159350;FALSE
991239774247779;FALSE
989180161120407;FALSE
985375988167491;FALSE
991235990914824;FALSE
983254221713001;FALSE
985441104827646;FALSE
985378574833899;FALSE
989448251093598;FALSE
985365204835236;FALSE
991238280914595;FALSE
991240910914332;FALSE
985473684824388;FALSE
985477264824030;FALSE
991237317581358;FALSE
985358221502601;FALSE
985366054835151;FALSE
985453561493067;FALSE
985464434825313;FALSE
985458794825877;FALSE
983212931717130;FALSE
985365408168549;FALSE
991239930914430;FALSE
989457397759350;FALSE
985520511486372;FALSE
989198864451870;FALSE
991241610914262;FALSE
985461328158957;FALSE
991235044248252;FALSE
991240494247707;FALSE
991236354248121;FALSE
985373734834383;FALSE
989186374453119;FALSE
985368694834887;FALSE
991236224248134;FALSE
982943335077423;FALSE
985403694831387;FALSE
991237600914663;FALSE
989391071099316;FALSE
985364598168630;FALSE
985354118169678;FALSE
989388821099541;FALSE
989176794454077;FALSE
985420041496419;FALSE
985355744836182;FALSE
985395988165491;FALSE
989186661119757;FALSE
983124815059275;FALSE
985415374830219;FALSE
983018231736600;FALSE
983016798403410;FALSE
985352631503160;FALSE
991236617581428;FALSE
989184931119930;FALSE
985451468159943;FALSE
985358014835955;FALSE
989195234452233;FALSE
985360641502359;FALSE
989173224454434;FALSE
985375351500888;FALSE
991236787581411;FALSE
991238614247895;FALSE
985353184836438;FALSE
985367934834963;FALSE
983727564999000;FALSE
985380211500402;FALSE
985728424798914;FALSE
985426101495813;FALSE
985367998168290;FALSE
985426038162486;FALSE
985461664825590;FALSE
985354148169675;FALSE
985373451501078;FALSE
989180167787073;FALSE
991235844248172;FALSE
989182974453459;FALSE
985392131499210;FALSE
985356951502728;FALSE
989203681118055;FALSE
985354361502987;FALSE
991239577581132;FALSE
985390298166060;FALSE
985355431502880;FALSE
989266711111752;FALSE
985367431501680;FALSE
989174674454289;FALSE
985356781502745;FALSE
985391758165914;FALSE
982938628411227;FALSE
985353338169756;FALSE
985413578163732;FALSE
1105433989495023;FALSE
1105439312827824;FALSE
1105986712773084;FALSE
1105726522799103;FALSE
1096655267039562;FALSE
1105447436160345;FALSE
1105618226143266;FALSE
1105878576117231;FALSE
1105418939496528;FALSE
1105674526137636;FALSE
1096285680409854;FALSE
1105402236164865;FALSE
1105417076163381;FALSE
1096067363765019;FALSE
1105678036137285;FALSE
1105404252831330;FALSE
1105413799497042;FALSE
1105425099495912;FALSE
1106051099433312;FALSE
1105409132830842;FALSE
1105738806131208;FALSE
1105430359495386;FALSE
1105948856110203;FALSE
1105410099497412;FALSE
1105404679497954;FALSE
1096514950386927;FALSE
1105641276140961;FALSE
1105431132828642;FALSE
1096347890403633;FALSE
1096100953761660;FALSE
1105406589497763;FALSE
1105825759455846;TRUE
1105707992800956;FALSE
1105430566162032;FALSE
1096990320339390;FALSE
1105505832821172;FALSE
1105533159485106;FALSE
1097069930331429;FALSE
1096128797092209;FALSE
1096105610427861;FALSE
1105410752830680;FALSE
1105457452826010;FALSE
1106254509412971;FALSE
1105855806119508;FALSE
1105406586164430;FALSE
1105771359461286;FALSE
1106210899417332;FALSE
1105442849494137;FALSE
1105460549492367;FALSE
1096062980432124;FALSE
1096086830429739;FALSE
1105454089493013;FALSE
1096320317073057;FALSE
1105411846163904;FALSE
1105442869494135;FALSE
1105425426162546;FALSE
1105454239492998;FALSE
1096057180432704;FALSE
1105409149497507;FALSE
1096288657076223;FALSE
1096372740401148;FALSE
1105669166138172;FALSE
1105411356163953;FALSE
1105808606124228;FALSE
1106336329404789;FALSE
1106453959393026;FALSE
1105740956130993;FALSE
1105403246164764;FALSE
1105449436160145;FALSE
1105695762802179;FALSE
1106003356104753;FALSE
1096318803739875;FALSE
1096459417059147;FALSE
1105902089448213;FALSE
1096354433736312;TRUE
1105828582788897;FALSE
1105426922829063;FALSE
1105677719470650;FALSE
1105469482824807;FALSE
1105949612776794;FALSE
1096376777067411;FALSE
1105417769496645;FALSE
1105461246158964;TRUE
1105409056164183;FALSE
1105439379494484;FALSE
1096374443734311;TRUE
1105784402793315;FALSE
1105445282827227;FALSE
1105779906127098;FALSE
1105520476153041;FALSE
1105675862804169;FALSE
1105470902824665;FALSE
1096299153741840;FALSE
1105776209460801;FALSE
1096724210366001;FALSE
1105825722789183;FALSE
1105424966162592;FALSE
1105708132800942;FALSE
1105416192830136;FALSE
1105726129465809;FALSE
1105404656164623;FALSE
1105677589470663;FALSE
1105420006163088;FALSE
1105419902829765;FALSE
1105479452823810;FALSE
1096243970414025;FALSE
1105449739493448;FALSE
1105424639495958;FALSE
1096188353752920;FALSE
1105684712803284;FALSE
1105482642823491;FALSE
1097837446921344;FALSE
1096062367098852;FALSE
1106015709436851;FALSE
1105828649455557;FALSE
1096080000430422;FALSE
1105458186159270;FALSE
1105612989477123;FALSE
1096125467092542;FALSE
876384262399998;FALSE
876271345744623;FALSE
876873815684376;FALSE
876297195742038;FALSE
876579365713821;FALSE
876549979050093;FALSE
876386665733091;FALSE
876279272410497;FALSE
876287849076306;FALSE
876853629019728;FALSE
876328932405531;FALSE
876301552408269;FALSE
876655885706169;FALSE
876526289052462;FALSE
876402632398161;FALSE
876345115737246;FALSE
876397635731994;FALSE
876299609075130;FALSE
876357815735976;FALSE
876288802409544;FALSE
876359532402471;FALSE
876590835712674;FALSE
877024225669335;FALSE
876590475712710;FALSE
876555482382876;FALSE
876385369066554;FALSE
876414105730347;FALSE
876271355744622;FALSE
876324075739350;FALSE
876290812409343;FALSE
876269025744855;FALSE
876578855713872;FALSE
876294449075646;FALSE
876591289045962;FALSE
876478079057283;FALSE
876304062408018;FALSE
876294832408941;FALSE
876850555686702;FALSE
876349402403484;FALSE
876382669066824;FALSE
876646355707122;FALSE
876387142399710;FALSE
876542995717458;FALSE
876578565713901;FALSE
876382502400174;FALSE
876529349052156;FALSE
876610722377352;FALSE
876603052378119;FALSE
876542335717524;FALSE
876315069073584;FALSE
876604362377988;FALSE
876314345740323;FALSE
876313059073785;FALSE
876348879070203;FALSE
876334642404960;FALSE
876589505712807;TRUE
876275185744239;FALSE
876411812397243;FALSE
876936559011435;FALSE
876271965744561;FALSE
876361132402311;FALSE
876297665741991;FALSE
876348535736904;FALSE
876307645740993;FALSE
876513512387073;FALSE
876283412410083;FALSE
876425859062505;FALSE
876406205731137;FALSE
876528492385575;FALSE
876319729073118;FALSE
876270045744753;FALSE
876336329071458;FALSE
876629992375425;FALSE
876433029061788;FALSE
876287889076302;FALSE
876321135739644;FALSE
876652532373171;FALSE
876587409046350;FALSE
876302199074871;FALSE
876318635739894;FALSE
876387129066378;FALSE
876286365743121;FALSE
876425399062551;FALSE
876305172407907;FALSE
876589662379458;FALSE
876416965730061;FALSE
876297882408636;FALSE
876352135736544;FALSE
876274792410945;FALSE
876345955737162;FALSE
876330595738698;FALSE
876575889047502;FALSE
876284279076663;FALSE
876346302403794;FALSE
876276499077441;FALSE
876403669064724;FALSE
876388875732870;FALSE
876349989070092;FALSE
876271565744601;FALSE
876340372404387;FALSE
876576879047403;FALSE
876443779060713;FALSE
876574479047643;FALSE
876580195713738;FALSE
876294209075670;FALSE
876360232402401;FALSE
876306602407764;FALSE
876330122405412;FALSE
876413392397085;FALSE
876892919015799;FALSE
876342042404220;FALSE
876290212409403;FALSE
876468342391590;FALSE
876281679076923;FALSE
876295405742217;FALSE
876631632375261;FALSE
876305859074505;FALSE
876860982352326;FALSE
876851009019990;FALSE
876587082379716;FALSE
1010599195645170;FALSE
1010252849013138;FALSE
1011224895582600;FALSE
1010344532337303;FALSE
1010288595676230;FALSE
1010735898964833;FALSE
1011025138935909;TRUE
1012239375481152;FALSE
1012233902148366;FALSE
1011258635579226;FALSE
1012244032147353;FALSE
1010225035682586;FALSE
1010738845631205;FALSE
1010701945634895;FALSE
1010343862337370;FALSE
1010764935628596;FALSE
1012238065481283;FALSE
1010212449017178;FALSE
1012238542147902;FALSE
1010699645635125;FALSE
1011284445576645;FALSE
1011234125581677;FALSE
1010701588968264;FALSE
1010694948968928;FALSE
1011353272236429;FALSE
1010862035618886;FALSE
1010318359006587;FALSE
1010707405634349;FALSE
1010761102295646;FALSE
1010340672337689;FALSE
1011480085557081;FALSE
1010309429007480;FALSE
1010703328968090;FALSE
1010693522302404;TRUE
1012235322148224;FALSE
1010239202347836;FALSE
1011233072248449;FALSE
1010405768997846;FALSE
1012232922148464;FALSE
1011306725574417;FALSE
1012234442148312;FALSE
1010228392348917;FALSE
1012244472147309;FALSE
1012238508814572;FALSE
1012249678813455;FALSE
1012233702148386;FALSE
1010707218967701;FALSE
1011191048919318;FALSE
1012233862148370;FALSE
1012233025481787;FALSE
1012248532146903;FALSE
1010236555681434;FALSE
1012244618813961;FALSE
1011543462217410;FALSE
1012253322146424;FALSE
1010505942321162;FALSE
1010731142298642;FALSE
1012235762148180;FALSE
1012240445481045;FALSE
1010202792351477;FALSE
1011209485584141;FALSE
1012239545481135;FALSE
1011594512212305;FALSE
1011258655579224;FALSE
1010221582349598;FALSE
1010208205684269;FALSE
1010191899019233;FALSE
1010197459018677;FALSE
1011593608879062;FALSE
1012241775480912;FALSE
1012251558813267;FALSE
1012244708813952;FALSE
1012252655479824;FALSE
1010246582347098;FALSE
1011276282244128;FALSE
1011279712243785;FALSE
1012259788812444;FALSE
1010218772349879;FALSE
1012236578814765;FALSE
1010734868964936;FALSE
1011169552254801;FALSE
1012235742148182;FALSE
1010236159014807;FALSE
1010199452351811;FALSE
1010439585661131;FALSE
1010696498968773;FALSE
1010224575682632;FALSE
1012233742148382;FALSE
1010192659019157;FALSE
1010693258969097;FALSE
1011318568906566;FALSE
1010203085684781;FALSE
1010737852297971;FALSE
1010284569009966;FALSE
1012241518814271;FALSE
1012233175481772;FALSE
1011269575578132;FALSE
1010219252349831;FALSE
1010204045684685;FALSE
1010745358963887;FALSE
1012242475480842;FALSE
1010210285684061;FALSE
1011724142199342;FALSE
1010211629017260;FALSE
1010222949016128;FALSE
1010192449019178;FALSE
1010234149015008;FALSE
1011545028883920;FALSE
1010362282335528;FALSE
1010262829012140;FALSE
1010183709020052;FALSE
1012237425481347;FALSE
1012244498813973;FALSE
1012242142147542;FALSE
1010379085667181;FALSE
1011281775576912;FALSE
1010337799004643;TRUE
1010208172350939;FALSE
1010701388968284;FALSE
1012240935480996;FALSE
1010205709017852;FALSE
855037734534651;TRUE
855025051202586;FALSE
855006801204411;FALSE
855044724533952;FALSE
855010534537371;FALSE
855015221203569;FALSE
854998187871939;FALSE
855009347870823;FALSE
855026847869073;FALSE
855027201202371;FALSE
855043971200694;FALSE
854997314538693;FALSE
854998091205282;FALSE
855025747869183;TRUE
855012794537145;FALSE
855023897869368;FALSE
854997341205357;FALSE
855008147870943;FALSE
854996001205491;FALSE
855000551205036;FALSE
855048921200199;FALSE
855002041204887;FALSE
854999657871792;FALSE
855028707868887;FALSE
854999991205092;FALSE
855045421200549;FALSE
855016004536824;FALSE
855020794536345;FALSE
855025371202554;FALSE
855049947866763;FALSE
855027861202305;FALSE
855002054538219;FALSE
854996301205461;FALSE
855031854535239;FALSE
855027924535632;FALSE
854999284538496;FALSE
855026191202472;FALSE
855035614534863;TRUE
855051751199916;FALSE
855000717871686;FALSE
855031731201918;FALSE
855024471202644;FALSE
855023124536112;FALSE
855034814534943;FALSE
855032831201808;FALSE
855014794536945;FALSE
855051957866562;FALSE
855013067870451;FALSE
855015617870196;FALSE
855035857868172;FALSE
854997541205337;FALSE
855055551199536;FALSE
854996757872082;FALSE
855047484533676;FALSE
854999561205135;FALSE
855026454535779;FALSE
855013247870433;FALSE
854999801205111;FALSE
855020814536343;FALSE
855026544535770;FALSE
855007111204380;FALSE
855008617870896;FALSE
855002491204842;FALSE
855025504535874;FALSE
855013281203763;FALSE
855034317868326;FALSE
855000107871747;FALSE
855003017871456;FALSE
855000391205052;FALSE
855027407869017;FALSE
855025224535902;FALSE
855004947871263;FALSE
855020994536325;FALSE
855026587869099;FALSE
855024791202612;FALSE
855045784533846;FALSE
855030364535388;FALSE
855015894536835;FALSE
855048731200218;FALSE
855032391201852;FALSE
855014814536943;FALSE
854996024538822;FALSE
855010567870701;FALSE
854996587872099;FALSE
854999227871835;FALSE
855018917869866;FALSE
855002181204873;FALSE
855032844535140;FALSE
855002224538202;FALSE
855037317868026;FALSE
855046694533755;FALSE
855023421202749;FALSE
855034071201684;FALSE
855046137867144;FALSE
855039564534468;FALSE
855033187868439;FALSE
855000631205028;FALSE
855048754533549;FALSE
855047357867022;FALSE
855035124534912;FALSE
855004591204632;FALSE
855042454534179;FALSE
854995641205527;FALSE
854996084538816;FALSE
855041814534243;FALSE
855010781204013;FALSE
854996877872070;FALSE
855000761205015;FALSE
855014201203671;FALSE
855039354534489;FALSE
855027897868968;FALSE
855048647866893;FALSE
855014557870302;FALSE
855016267870131;FALSE
855036914534733;FALSE
855014714536953;FALSE
855051451199946;FALSE
855000861205005;FALSE
855000187871739;FALSE
855057911199300;FALSE
855015177870240;FALSE
855048164533608;FALSE
855004361204655;FALSE
855003024538122;FALSE
855042221200869;FALSE
855052094533215;FALSE
855035757868182;FALSE
855040387867719;FALSE
855023957869362;FALSE
855020241203067;FALSE
855053091199782;FALSE
855002227871535;FALSE
855031441201947;FALSE
855015971203494;FALSE
854999087871849;FALSE
855059154532509;FALSE
855024071202684;FALSE
855025767869181;TRUE
855015187870239;FALSE
855028691202222;FALSE
855025344535890;FALSE
855052794533145;FALSE
882697215102036;FALSE
882911971747227;FALSE
882702975101460;FALSE
882737438431347;FALSE
882695045102253;FALSE
882799171758507;FALSE
882959075075850;FALSE
882836661754758;FALSE
882719935099764;FALSE
882915261746898;FALSE
882705511767873;FALSE
882748891763535;FALSE
883001971738227;FALSE
882700265101731;FALSE
882975385074219;FALSE
882683191770105;FALSE
882705221767902;FALSE
882777855093972;FALSE
882906381747786;FALSE
882695071768917;FALSE
882693571769067;FALSE
882702545101503;FALSE
882683238436767;FALSE
883013661737058;FALSE
882784185093339;FALSE
882899808415110;FALSE
882702111768213;FALSE
882999345071823;FALSE
882681558436935;FALSE
882842821754142;FALSE
882709588434132;FALSE
882774025094355;FALSE
882714155100342;FALSE
882818535089904;FALSE
882677171770707;FALSE
882696745102083;FALSE
877420882296336;FALSE
882700308435060;FALSE
882719705099787;FALSE
882676331770791;FALSE
883250675046690;FALSE
882681471770277;FALSE
882714238433667;FALSE
882700875101670;FALSE
882677291770695;FALSE
882702938434797;FALSE
882921091746315;FALSE
882817035090054;FALSE
882707568434334;FALSE
882697355102022;FALSE
882871605084597;FALSE
882825555089202;FALSE
882716128433478;FALSE
882701615101596;FALSE
882699371768487;FALSE
883014175070340;FALSE
882707731767651;FALSE
882742385097519;FALSE
882717098433381;FALSE
882679251770499;FALSE
882752435096514;FALSE
882772095094548;FALSE
882701285101629;FALSE
882703125101445;FALSE
882698621768562;FALSE
882868315084926;FALSE
882714325100325;FALSE
882702841768140;FALSE
882680341770390;FALSE
882677301770694;FALSE
883157075056050;FALSE
882706555101102;FALSE
882714958433595;FALSE
882715515100206;FALSE
882678318437259;FALSE
882694678435623;FALSE
882704565101301;FALSE
882692735102484;FALSE
882710441767380;FALSE
882898908415200;FALSE
882914241747000;FALSE
882748161763608;FALSE
882849821753442;FALSE
882703951768029;FALSE
882720598433031;FALSE
882707788434312;FALSE
882694535102304;FALSE
882692545102503;FALSE
884655104906247;FALSE
882701035101654;FALSE
882893788415712;FALSE
882946495077108;FALSE
882738375097920;FALSE
883191225052635;TRUE
882680948436996;FALSE
882716651766759;FALSE
882732901765134;FALSE
882699758435115;FALSE
882739688431122;FALSE
883211168383974;FALSE
882701505101607;FALSE
882735241764900;FALSE
882867311751693;FALSE
882959255075832;TRUE
882733331765091;FALSE
882696705102087;FALSE
882680691770355;FALSE
883199921718432;FALSE
882701695101588;FALSE
882694568435634;FALSE
882953871743037;FALSE
883324065039351;FALSE
882678031770621;FALSE
882819101756514;FALSE
882917421746682;FALSE
882788125092945;FALSE
882680868437004;FALSE
882681485103609;TRUE
877417538963337;FALSE
882815538423537;FALSE
882703375101420;FALSE
882697368435354;FALSE
882723625099395;FALSE
882938208411270;FALSE
882917241746700;FALSE
882845018420589;FALSE
882708281767596;FALSE
882695271768897;FALSE
882704635101294;FALSE
882695781768846;FALSE
883218295049928;FALSE
882696611768763;FALSE
882678788437212;FALSE
882678901770534;FALSE
882731405098617;FALSE
882740411764383;FALSE
882796605092097;FALSE
882920248413066;FALSE
882776661760758;FALSE
882681918436899;FALSE
882699148435176;FALSE
883799671658457;FALSE
882712655100492;FALSE
882974918407599;FALSE
882958831742541;FALSE
882862021752222;FALSE
882692828435808;FALSE
882683255103432;FALSE
883161471722277;FALSE
882739195097838;FALSE
882971975074560;FALSE
882738015097956;FALSE
882699701768454;FALSE
882978515073906;FALSE
882706415101116;FALSE
882711595100598;FALSE
1012532688785154;FALSE
1013137292058027;FALSE
1012892192082537;FALSE
1012905818747841;FALSE
1013008805404209;FALSE
1012419142129842;FALSE
1012634102108346;FALSE
1013508828687540;FALSE
1012942258744197;FALSE
1013013355403754;FALSE
1018204041551352;FALSE
1012412798797143;FALSE
1012287975476292;FALSE
1012423118796111;FALSE
1013035875401502;FALSE
1013144698723953;FALSE
1012924515412638;FALSE
1012934795411610;FALSE
1012586458779777;FALSE
1012288188809604;FALSE
1012952972076459;FALSE
1012984978739925;FALSE
1012901832081573;FALSE
1012425362129220;FALSE
1012906338747789;FALSE
1012425692129187;TRUE
1012888152082941;FALSE
1012270818811341;FALSE
1012378848800538;FALSE
1012999598738463;FALSE
1012893528749070;FALSE
1013859905319099;FALSE
1013110968727326;FALSE
1012949088743514;FALSE
1012279632143793;FALSE
1012420805463009;FALSE
1012447105460379;FALSE
1012451185459971;FALSE
1013203705384719;FALSE
1012959535409136;FALSE
1012268532144903;FALSE
1013022845402805;FALSE
1013146938723729;FALSE
1012428062128950;TRUE
1012944612077295;FALSE
1012420778796345;FALSE
1012953202076436;FALSE
1013149462056810;FALSE
1012445435460546;FALSE
1018200758218347;FALSE
1012566618781761;FALSE
1012425698795853;FALSE
1012560052115751;FALSE
1012431062128650;FALSE
1013139688724454;FALSE
1012439928794430;FALSE
1012387755466314;FALSE
1013010235404066;FALSE
1012625872109169;FALSE
1012344252137331;FALSE
1012402812131475;FALSE
1013010308737392;FALSE
1012964705408619;FALSE
1012447475460342;FALSE
1013053122066444;FALSE
1012920208746402;FALSE
1012282268810196;FALSE
1012660672105689;FALSE
1012312192140537;FALSE
1012934592078297;FALSE
1012439365461153;FALSE
1012870608751362;FALSE
1012422012129555;FALSE
1012943888744034;FALSE
1012902652081491;TRUE
1012343432137413;FALSE
1012288138809609;FALSE
1012386992133057;FALSE
1018200091551747;FALSE
1012407045464385;FALSE
1012900568748366;FALSE
1012943428744080;FALSE
1013003382071418;FALSE
1012384878799935;FALSE
1012945548743868;FALSE
1012672248771198;FALSE
1012294472142309;FALSE
1012627258775697;FALSE
1012451685459921;FALSE
1012382265466863;FALSE
1013034895401600;FALSE
1012396702132086;TRUE
1018208528217570;TRUE
1012413605463729;FALSE
1012618402109916;FALSE
1012620435443046;FALSE
1012941218744301;FALSE
1012947245410365;FALSE
1012904375414652;FALSE
1012654228773000;FALSE
1012447278793695;FALSE
1012964955408594;FALSE
1012272148811208;FALSE
1012902925414797;FALSE
1012384952133261;FALSE
1012903025414787;FALSE
1012429048795518;FALSE
1012838665421223;FALSE
1012445882127168;FALSE
1012971842074572;FALSE
1012559028782520;FALSE
1012912088747214;FALSE
1012382908800132;FALSE
1012892422082514;FALSE
1012595448778878;FALSE
1013072875397802;FALSE
1012283338810089;FALSE
1012909225414167;FALSE
1018210654884024;FALSE
1012966642075092;FALSE
1013010588737364;FALSE
1012881042083652;FALSE
1012952845409805;FALSE
1012561722115584;FALSE
1012969622074794;FALSE
1013116588726764;FALSE
1012648978773525;FALSE
1012689088769514;FALSE
1012268448811578;FALSE
1018199771551779;FALSE
1018204151551341;FALSE
1012899118748511;FALSE
1013013512070405;FALSE
1012293565475733;FALSE
1018207518217671;FALSE
1012429162128840;FALSE
1012281642143592;FALSE
1018203311551425;FALSE
1012948515410238;FALSE
1012943452077411;FALSE
925434340828323;FALSE
925415617496862;FALSE
935266636511760;FALSE
935745806463843;FALSE
935260956512328;FALSE
888176124554145;FALSE
935443126494111;FALSE
927243397314084;FALSE
925336450838112;FALSE
935315443173546;FALSE
925366120835145;FALSE
887994701238954;FALSE
925370337501390;FALSE
888040844567673;FALSE
925342484170842;FALSE
935312446507179;FALSE
925382930833464;FALSE
925374687500955;FALSE
925604187478005;TRUE
888000367905054;FALSE
925512447487179;FALSE
888001461238278;FALSE
935268646511559;FALSE
935321869839570;TRUE
935350059836751;FALSE
935285619843195;FALSE
935262916512132;FALSE
935265376511886;FALSE
888078297897261;FALSE
935264136512010;FALSE
888195264552231;FALSE
887988551239569;FALSE
888143724557385;FALSE
888393977865693;FALSE
935282083176882;FALSE
888322687872822;FALSE
884852508219840;FALSE
888026634569094;FALSE
935268106511613;FALSE
888185474553210;FALSE
935266479845109;FALSE
925409060830851;FALSE
888268551211569;FALSE
935314956506928;FALSE
935747779796979;TRUE
925418180829939;FALSE
935330706505353;TRUE
888002051238219;FALSE
925541977484226;FALSE
935270893178001;FALSE
935322603172830;FALSE
935429393162151;FALSE
925561497482274;FALSE
935295249842232;FALSE
888085294563228;FALSE
935657996472624;FALSE
935441356494288;FALSE
935259439845813;FALSE
888267497878341;FALSE
888032844568473;FALSE
935728279798929;FALSE
885853894786368;FALSE
935260996512324;FALSE
888075441230880;FALSE
935257966512627;FALSE
888068394564918;FALSE
935258206512603;FALSE
935294709842286;FALSE
935270226511401;FALSE
887987197906371;FALSE
888199634551794;FALSE
887996364572121;FALSE
888092304562527;FALSE
935272199844537;FALSE
935273906511033;TRUE
935321849839572;TRUE
888018334569924;FALSE
935259946512429;TRUE
884877754883982;FALSE
925415830830174;FALSE
925865097451914;FALSE
935470343158056;FALSE
925503967488027;FALSE
935321853172905;TRUE
935263819845375;FALSE
935285643176526;FALSE
935431163161974;FALSE
935266836511740;FALSE
925423300829427;FALSE
888156074556150;FALSE
935256676512756;FALSE
935606363144454;FALSE
935403769831380;FALSE
935274296510994;FALSE
888001044571653;FALSE
888149277890163;FALSE
925375454167545;FALSE
887993301239094;FALSE
935325916505832;FALSE
925386150833142;FALSE
935303899841367;FALSE
935293286509095;TRUE
925374024167688;FALSE
925364357501988;FALSE
935258966512527;FALSE
888078721230552;FALSE
935341949837562;FALSE
888077157897375;FALSE
887992447905846;FALSE
925475984157492;FALSE
1095983900440032;FALSE
1069240333114389;FALSE
1095998833771872;FALSE
1095904073781348;FALSE
1095899847115104;FALSE
1095968640441558;FALSE
1095970937107995;FALSE
1095912507113838;FALSE
1080338765337879;FALSE
1095905710447851;FALSE
1088416117863477;FALSE
1095967977108291;FALSE
1078780362160386;FALSE
1095919993779756;FALSE
1095972880441134;FALSE
1080688565302899;FALSE
1095977257107363;FALSE
1094612847243804;FALSE
1095991703772585;FALSE
1089383397766749;FALSE
1095982057106883;FALSE
1096045827100506;FALSE
1096020123769743;FALSE
1088417497863339;FALSE
1096026213769134;FALSE
1096011020437320;FALSE
1095900870448335;FALSE
1081100025261753;FALSE
1096044137100675;FALSE
1095997247105364;FALSE
1091872007517888;FALSE
1095965550441867;FALSE
1095901760448246;FALSE
1096049097100179;FALSE
1096013480437074;FALSE
1095900120448410;FALSE
1069263579778731;FALSE
1095917270446695;FALSE
1082403725131383;FALSE
1095974017107687;FALSE
1096007360437686;FALSE
1095995743772181;FALSE
1096051863766569;FALSE
1069232883115134;FALSE
1088381951200227;FALSE
1096018510436571;FALSE
1080346505337105;FALSE
1095901627114926;FALSE
1095918937113195;FALSE
1095975357107553;FALSE
1096015017103587;FALSE
1095967943774961;FALSE
1095984760439946;FALSE
1092011094170646;FALSE
1095915697113519;FALSE
1096025887102500;FALSE
1096046497100439;FALSE
1096051000433322;FALSE
1095972950441127;FALSE
1095984997106589;FALSE
1095905770447845;FALSE
1095967680441654;FALSE
1095984900439932;FALSE
1080663461972076;FALSE
1080589248646164;FALSE
1096011473770608;FALSE
1095964687108620;FALSE
1095900223781733;FALSE
1091990117506077;FALSE
1088413171197105;FALSE
1091858494185906;FALSE
1095913913780364;FALSE
1095900697115019;FALSE
1091924384179317;FALSE
1096015083770247;FALSE
1092976644074091;FALSE
1095900563781699;FALSE
1095998413771914;FALSE
1095981003773655;FALSE
1088889734482782;FALSE
1096049223766833;FALSE
1088590934512662;FALSE
1095903020448120;FALSE
1095906313781124;FALSE
1088444517860637;FALSE
1095972000441222;FALSE
1095903983781357;FALSE
1092554747449614;FALSE
1095963997108689;FALSE
1095976723774083;FALSE
1088764911161931;FALSE
1095907567114332;FALSE
1096027273769028;FALSE
1080435488661540;FALSE
1095906920447730;FALSE
1091916170846805;FALSE
1096003653771390;FALSE
1095904940447928;FALSE
1069253359779753;FALSE
1095902490448173;FALSE
1091857340852688;FALSE
1095905187114570;FALSE
1095966827108406;FALSE
1095908547114234;FALSE
1095986027106486;FALSE
1088575477847541;FALSE
1094612730577149;FALSE
961902760514814;FALSE
951894434848980;FALSE
960892023949221;FALSE
960945073943916;FALSE
960925487279208;FALSE
961134750591615;FALSE
961189590586131;FALSE
977038572334566;FALSE
946607918710965;FALSE
966663076705449;FALSE
958050127566744;FALSE
960881793950244;FALSE
951643804874043;FALSE
962166687155088;FALSE
960850580620032;FALSE
960893653949058;FALSE
960974667274290;FALSE
960929387278818;FALSE
962749683763455;FALSE
977146698990420;FALSE
960884000616690;FALSE
977095925662164;FALSE
977094928995597;FALSE
961491437222613;FALSE
951649704873453;FALSE
960929110612179;FALSE
962146567157100;FALSE
960924337279323;FALSE
951535298218227;FALSE
960897353948688;FALSE
962647390440351;FALSE
960870760618014;FALSE
960898080615282;FALSE
977045455667211;FALSE
962244713813952;TRUE
961448440560246;FALSE
946726322032458;FALSE
962340030471087;FALSE
962345310470559;FALSE
960853083953115;FALSE
951535664884857;FALSE
960858840619206;FALSE
962235520481538;FALSE
961190540586036;FALSE
957669067604850;FALSE
977174358987654;FALSE
951556571549433;FALSE
946591232045967;FALSE
960978307273926;FALSE
961128703925553;FALSE
962170337154723;FALSE
960928850612205;FALSE
961954690509621;FALSE
960857753952648;FALSE
962166077155149;FALSE
946661322038958;FALSE
962166503821773;FALSE
961308017240955;FALSE
957631880941902;FALSE
977029089002181;FALSE
961095943928829;FALSE
946618272043263;FALSE
960867653951658;FALSE
946726812032409;FALSE
960870417284715;FALSE
960892920615798;FALSE
966638440041246;FALSE
957696100935480;FALSE
977022695669487;FALSE
962169650488125;FALSE
961014363936987;FALSE
966956483342775;FALSE
960889030616187;FALSE
946659512039139;FALSE
962139500491140;FALSE
960889863949437;FALSE
960984053940018;FALSE
960851233953300;FALSE
951901774848246;FALSE
967088909996199;FALSE
946658702039220;FALSE
957810160924074;FALSE
946527012052389;TRUE
960886167283140;FALSE
957710560934034;FALSE
962268350478255;FALSE
966665830038507;FALSE
966993583339065;FALSE
966641126707644;FALSE
977147268990363;FALSE
961742380530852;FALSE
961081850596905;FALSE
947078791997211;FALSE
962364803801943;FALSE
951531478218609;FALSE
951586488213108;FALSE
946960722009018;FALSE
977017742336649;FALSE
966726833365740;FALSE
962718183766605;FALSE
951880531517037;FALSE
961015957270161;FALSE
966640160041074;FALSE
960886777283079;FALSE
857153037656454;FALSE
861964413841983;FALSE
855116767860081;FALSE
855059957865762;FALSE
861953357176422;FALSE
855192241185867;FALSE
855483097823448;FALSE
861938137177944;FALSE
855534781151613;FALSE
855586274479797;FALSE
855577487814009;TRUE
861947940510297;FALSE
861959407175817;FALSE
855148311190260;TRUE
855147104523714;FALSE
855165364521888;FALSE
861942497177508;TRUE
861942433844181;FALSE
861944377177320;FALSE
857595520945539;FALSE
855500477821710;FALSE
855576524480772;FALSE
855609967810761;FALSE
855576577814100;FALSE
861954003843024;FALSE
855426241162467;TRUE
855454291159662;FALSE
855207087851049;FALSE
855268461178245;FALSE
856263794412045;FALSE
856719131033178;FALSE
855416484496776;FALSE
855279604510464;FALSE
855493257822432;FALSE
861956123842812;FALSE
855109371194154;TRUE
855114247860333;TRUE
855136954524729;FALSE
855160411189050;FALSE
855122281192863;FALSE
855825091122582;FALSE
855285374509887;FALSE
855156244522800;FALSE
855431594495265;FALSE
855144681190623;FALSE
861970277174730;FALSE
855658164472608;FALSE
855582691146822;FALSE
855362551168836;FALSE
855716674466757;FALSE
855135491191542;FALSE
855112724527152;FALSE
855624581142633;FALSE
861958020509289;FALSE
855060124532412;FALSE
861960367175721;FALSE
855687864469638;FALSE
855118557859902;FALSE
861966020508489;TRUE
855484307823327;TRUE
855138077857950;FALSE
855226451182446;FALSE
855600447811713;FALSE
855488047822953;FALSE
855150167856741;FALSE
855153674523057;FALSE
861943553844069;FALSE
855126007859157;TRUE
855207844517640;FALSE
861963153842109;FALSE
855420517829706;FALSE
855589931146098;FALSE
855300424508382;TRUE
855060734532351;FALSE
861964840508607;FALSE
855656551139436;FALSE
861941707177587;FALSE
861970293841395;FALSE
855110284527396;FALSE
855111447860613;FALSE
855149067856851;FALSE
861967487175009;TRUE
855148034523621;FALSE
855146331190458;FALSE
855778691127222;FALSE
855612821143809;FALSE
855153351189756;FALSE
861964757175282;FALSE
855180341187057;FALSE
855615834476841;FALSE
855060494532375;FALSE
855622844476140;FALSE
855604227811335;FALSE
855113614527063;FALSE
861938160511275;FALSE
855147574523667;FALSE
855617527810005;FALSE
855656057806152;FALSE
861966260508465;FALSE
855112257860532;FALSE
855546357817122;FALSE
855867101118381;FALSE
855145824523842;FALSE
855267281178363;FALSE
855147557857002;FALSE
855569491148142;FALSE
855115621193529;FALSE
855417087830049;FALSE
855537491151342;FALSE
855160374522387;TRUE
855168104521614;FALSE
855497954488629;FALSE
855648901140201;FALSE
855600401145051;FALSE
855583151146776;FALSE
855492831155808;FALSE
855539141151177;FALSE
855624354475989;FALSE
855539984484426;FALSE
855452207826537;FALSE
855893731115718;FALSE
855423514496073;FALSE
855236671181424;FALSE
855868784451546;FALSE
855446201160471;FALSE
855807391124352;FALSE
861945627177195;FALSE
855125834525841;FALSE
855623634476061;FALSE
855665754471849;FALSE
855304201174671;FALSE
861947070510384;FALSE
945839928787764;FALSE
945437185494705;FALSE
945852652119825;FALSE
945884085450015;FALSE
945919505446473;FALSE
946266898745067;FALSE
946369335401490;FALSE
945835625454861;FALSE
945835802121510;FALSE
945844852120605;FALSE
945348882170202;FALSE
945938808777876;FALSE
946264138745343;FALSE
945851972119893;FALSE
945899038781853;FALSE
945837635454660;FALSE
945854392119651;FALSE
945886872116403;FALSE
945836588788098;FALSE
945912448780512;FALSE
945853165453107;TRUE
945435828828174;FALSE
946367528735004;FALSE
945879868783770;FALSE
945887198783037;FALSE
945856678786089;FALSE
945850282120062;FALSE
945847662120324;FALSE
945833195455104;FALSE
945873008784456;FALSE
945436718828085;FALSE
945444888827268;FALSE
945372935501130;FALSE
945905835447840;FALSE
945896652115425;FALSE
946355782069512;FALSE
945436922161398;FALSE
945879612117129;FALSE
945832245455199;FALSE
945904295447994;FALSE
945854082119682;FALSE
945885845449839;FALSE
946352165403207;FALSE
945894425448981;FALSE
945364542168636;FALSE
945351358836621;FALSE
945845448787212;FALSE
945392992165791;FALSE
945830188788738;FALSE
946034178768339;FALSE
945846738787083;FALSE
945892488782508;FALSE
945830805455343;FALSE
945864345451989;FALSE
945827915455632;FALSE
945828702122220;FALSE
945791365459287;TRUE
945496728822084;FALSE
945858135452610;FALSE
945851805453243;FALSE
945844785453945;FALSE
945445412160549;FALSE
946052645433159;FALSE
945853402119750;FALSE
945823665456057;FALSE
945837228788034;FALSE
945918558779901;FALSE
945423832162707;FALSE
945350825503341;FALSE
945873385451085;TRUE
945432045495219;FALSE
945899755448448;FALSE
945415275496896;FALSE
945833222121768;FALSE
945841605454263;FALSE
945831898788567;FALSE
945886172116473;FALSE
945872405451183;FALSE
945899822115108;FALSE
945437238828033;FALSE
946376782067412;FALSE
945847518787005;FALSE
945847992120291;FALSE
945850958786661;FALSE
945383265500097;FALSE
945853478786409;FALSE
945858595452564;FALSE
945837508788006;FALSE
945837335454690;FALSE
945995185438905;FALSE
946353908736366;FALSE
945838658787891;TRUE
945849522120138;FALSE
945445895493834;FALSE
945834532121637;FALSE
945845002120590;FALSE
945865975451826;FALSE
945897228782034;FALSE
945828105455613;FALSE
946396678732089;FALSE
945899472115143;FALSE
945990798772677;FALSE
945839378787819;FALSE
945830715455352;FALSE
945833312121759;FALSE
945433585495065;FALSE
945427105495713;FALSE
945474275490996;FALSE
945901512114939;FALSE
945435318828225;FALSE
991421430896280;FALSE
1007131195991970;TRUE
1007145545990535;FALSE
991626190875804;FALSE
1007298535975236;FALSE
1007129619325461;FALSE
1010181019020321;FALSE
991360434235713;FALSE
991258864245870;FALSE
993610054010751;FALSE
991375740900849;FALSE
991264910911932;TRUE
1007134799324943;FALSE
1007546715950418;FALSE
1007223985982691;TRUE
993847683986988;FALSE
991243904247366;FALSE
991242067580883;FALSE
991500234221733;FALSE
991252740913149;FALSE
1007312059307217;FALSE
991271970911226;FALSE
993508334020923;FALSE
1007131522658604;FALSE
1007132102658546;FALSE
991266754245081;FALSE
991256230912800;FALSE
991265954245161;FALSE
1007494059289017;FALSE
1010176429020780;FALSE
1010180579020365;FALSE
991292907575799;FALSE
991299987575091;FALSE
991355474236209;FALSE
991310294240727;TRUE
991308507574239;FALSE
1010181945686895;FALSE
1007288782642878;FALSE
991332327571857;FALSE
993506514021105;FALSE
993845193987237;TRUE
991305340907889;FALSE
993549884016768;FALSE
993548840683539;FALSE
991503737554716;TRUE
991264664245290;FALSE
1007136842658072;TRUE
991251754246581;FALSE
991242654247491;FALSE
991253584246398;FALSE
991561197548970;FALSE
991266887578401;FALSE
991366280901795;FALSE
993857407319349;FALSE
993442760694147;FALSE
1007134949324928;FALSE
1010177035687386;FALSE
991483614223395;FALSE
1010179705687119;FALSE
991312804240476;FALSE
1007135299324893;FALSE
993531170685306;FALSE
1007133372658419;FALSE
993615430676880;FALSE
993538647351225;FALSE
1007164362655320;FALSE
1010181409020282;FALSE
1007731145931975;FALSE
1007137865991303;FALSE
1007332435971846;FALSE
991305070907916;FALSE
991362680902155;FALSE
991255704246186;FALSE
991274167577673;FALSE
1010179262353830;FALSE
991391830899240;FALSE
991374650900958;FALSE
991359740902449;FALSE
1010177389020684;FALSE
991524197552670;FALSE
1007133312658425;FALSE
991259424245814;FALSE
993658924005864;FALSE
1007131852658571;FALSE
991243887580701;FALSE
1007223875982702;FALSE
991264340911989;FALSE
1010180609020362;FALSE
991293777575712;FALSE
991595917545498;FALSE
1007;TRUE
1015;TRUE
1023;FALSE
1027;TRUE
1029;TRUE
1034;FALSE
1036;FALSE
1041;TRUE
1049;FALSE
1051;FALSE
1057;FALSE
1066;FALSE
1069;FALSE
1082;FALSE
1090;FALSE
1091;FALSE
1092;FALSE
1097;FALSE
1099;FALSE
1102;FALSE
1103;FALSE
1104;FALSE
1105;FALSE
1110;FALSE
1117;FALSE
1119;FALSE
1120;FALSE
1121;FALSE
1125;FALSE
1129;FALSE
1131;FALSE
1132;FALSE
1134;FALSE
1136;FALSE
1138;FALSE
1147;FALSE
1152;FALSE
1159;FALSE
1168;TRUE
1169;FALSE
1171;TRUE
1172;FALSE
1176;FALSE
1177;TRUE
1186;FALSE
1189;TRUE
1195;TRUE
1198;FALSE
1199;FALSE
1200;FALSE
1202;FALSE
1203;FALSE
1204;FALSE
1208;FALSE
1210;FALSE
1212;FALSE
1213;TRUE
1215;FALSE
1220;FALSE
1221;TRUE
1224;FALSE
1232;TRUE
1234;FALSE
1235;TRUE
1236;TRUE
1240;FALSE
1241;TRUE
1248;TRUE
1249;TRUE
1253;FALSE
1254;FALSE
1256;TRUE
1260;TRUE
1266;FALSE
1267;TRUE
1269;FALSE
1272;FALSE
1274;FALSE
1275;TRUE
1277;FALSE
1279;TRUE
1280;FALSE
1282;TRUE
1283;FALSE
1284;TRUE
1291;TRUE
1293;TRUE
1301;TRUE
1302;TRUE
1303;FALSE
1304;FALSE
1305;TRUE
1308;TRUE
1314;FALSE
1315;TRUE
1322;TRUE
1323;TRUE
1324;TRUE
1325;TRUE
1327;FALSE
1332;TRUE
1340;TRUE
1342;FALSE
1348;FALSE
1349;TRUE
1350;TRUE
1354;FALSE
1355;FALSE
1358;FALSE
1365;FALSE
1373;FALSE
1377;TRUE
1378;TRUE
1380;FALSE
1383;TRUE
1386;FALSE
1394;TRUE
1396;TRUE
1399;TRUE
1401;TRUE
1402;TRUE
1413;FALSE
1419;FALSE
1422;FALSE
1426;FALSE
1428;FALSE
1431;FALSE
1433;FALSE
1439;FALSE
1441;FALSE
1444;FALSE
1445;TRUE
1451;TRUE
1452;FALSE
1466;FALSE
1473;FALSE
1474;FALSE
1475;FALSE
1476;FALSE
1477;FALSE
1479;FALSE
1480;FALSE
1488;FALSE
1489;FALSE
1492;FALSE
1505;FALSE
1506;FALSE
1507;FALSE
1510;FALSE
1511;FALSE
1532;FALSE
1533;FALSE
1535;FALSE
1538;FALSE
1539;TRUE
1540;FALSE
1542;TRUE
1546;FALSE
1547;FALSE
1549;FALSE
1552;TRUE
1559;TRUE
1560;FALSE
1563;FALSE
1564;TRUE
1568;TRUE
1569;FALSE
1570;FALSE
1575;TRUE
1577;TRUE
1583;FALSE
1585;TRUE
1586;TRUE
1587;FALSE
1589;FALSE
1592;TRUE
1593;TRUE
1600;FALSE
1601;FALSE
1607;FALSE
1614;FALSE
1617;FALSE
1620;FALSE
1622;TRUE
1623;TRUE
1625;FALSE
1626;FALSE
1627;FALSE
1628;FALSE
1631;FALSE
1634;FALSE
1635;FALSE
1637;FALSE
1642;FALSE
1655;TRUE
1659;TRUE
1660;TRUE
1664;TRUE
1666;TRUE
1671;FALSE
1673;TRUE
1674;TRUE
1675;FALSE
1681;TRUE
1682;TRUE
1683;TRUE
1686;TRUE
1687;TRUE
1694;FALSE
1698;TRUE
1700;TRUE
1712;FALSE
1714;FALSE
1718;TRUE
1719;TRUE
1384067863883882496;FALSE
1389150576764760064;FALSE
1384032156826038272;FALSE
1384195035143413760;FALSE
1385294687821570048;FALSE
1387388699890130944;FALSE
1388456681244438528;FALSE
1389092166702673920;FALSE
1389148544788008960;FALSE
1389504378554523648;FALSE
1389510713857781760;FALSE
1389516167698595840;TRUE
1389598976006098944;FALSE
1389649372791681024;FALSE
1390551509373493248;FALSE
1390575318612824064;TRUE
1391437566679867392;FALSE
1391615616977707008;FALSE
1391643092743229440;TRUE
1391766176309579776;FALSE
1393679299304112128;FALSE
1393968670838243328;FALSE
1393979918401343488;FALSE
1394238895638958080;FALSE
1394311684702015488;FALSE
1395728955559272448;FALSE
1398598678106054656;FALSE
1398838705348124672;FALSE
1399239408348454912;FALSE
1399327209941356544;FALSE
1400208949878661120;FALSE
1401912167574687744;FALSE
1403954752883396608;FALSE
1406572604576649216;TRUE
1384012729585836032;FALSE
1385297710136320000;FALSE
1386281959555481600;FALSE
1387056591791214592;FALSE
1388405376220028928;FALSE
1388412155007995904;FALSE
1388429009130868736;FALSE
1388617489639256064;FALSE
1389551474913517568;FALSE
1389671242517696512;FALSE
1390601076529901568;FALSE
1390619869285163008;FALSE
1391659737352114176;FALSE
1391673002723586048;FALSE
1391680714433863680;FALSE
1391710967810215936;FALSE
1392252296394907648;FALSE
1392881008824012800;FALSE
1393608690301906944;FALSE
1394018284970856448;FALSE
1394647660930506752;FALSE
1396048553265541120;FALSE
1397139675819687936;FALSE
1397283915149230080;FALSE
1398597883943919616;FALSE
1399205776611233792;FALSE
1401497225331499008;FALSE
1403733797171077120;FALSE
1388764335095394304;FALSE
1392916395990654976;FALSE
1384082758046150656;FALSE
1384087791139639296;FALSE
1384105260759732224;FALSE
1384117063577309184;FALSE
1384126148351643648;FALSE
1384188078445645824;FALSE
1384204567475220480;FALSE
1384229411151486976;TRUE
1384253885301149696;TRUE
1384291081517375488;TRUE
1385099546343116800;FALSE
1385120653628649472;TRUE
1385155057189072896;FALSE
1385172164140277760;TRUE
1385235971151650816;FALSE
1385242368970997760;FALSE
1385254550609801216;FALSE
1385258897481650176;FALSE
1385268733803966464;FALSE
1385271727924596736;FALSE
1385272156150505472;FALSE
1385272675359150080;TRUE
1385288905096839168;FALSE
1385301814904561664;FALSE
1385331324660031488;FALSE
1385713599822368768;FALSE
1385890532833075200;FALSE
1386839732148187136;FALSE
1386850737494368256;TRUE
1386910046093709312;FALSE
1386969173666979840;TRUE
1386993851110502400;FALSE
1386995052057088000;TRUE
1387005997898678272;TRUE
1387018993718923264;TRUE
1387025356327198720;FALSE
1387113403978854400;TRUE
1387150188071079936;FALSE
1387164275156865024;TRUE
1387333390190497792;FALSE
1387352267754455040;FALSE
1387437960757452800;FALSE
1387794185235968000;FALSE
1387803145619845120;FALSE
1388358480071995392;FALSE
1388381262394626048;FALSE
1388387048827068416;TRUE
1388443083629604864;FALSE
1388474989557522432;FALSE
1388492571685568512;TRUE
1388504414797942784;FALSE
1388539541796048896;TRUE
1388580623565131776;TRUE
1388585154155778048;FALSE
1388599499015270400;FALSE
1389123334764470272;FALSE
1389170882182934528;FALSE
1389210884669644800;FALSE
1389221622335344640;TRUE
1389253064431898624;FALSE
1389430871472672768;FALSE
1389484350241185792;FALSE
1389491983811371008;FALSE
1389526469022470144;FALSE
1389529495674232832;FALSE
1389537023523008512;FALSE
1389545922917502976;FALSE
1389551449168916480;TRUE
1389595282912989184;FALSE
1390509886182723584;FALSE
1390535781429792768;FALSE
1390646808993570816;FALSE
1390663938061344768;TRUE
1390672907819495424;FALSE
1390717196725276672;FALSE
1390990795201724416;FALSE
1391024845731811328;FALSE
1391059236524904448;FALSE
1391132376026259456;FALSE
1391270114830561280;FALSE
1391503068991311872;FALSE
1391652361974784000;FALSE
1391674516334682112;FALSE
1391691100746825728;FALSE
1391698284826275840;TRUE
1391752007057350656;FALSE
1391762737513082880;FALSE
1391851297322770432;FALSE
1392225798275276800;FALSE
1392369511408484352;FALSE
1392928727961636864;FALSE
1392969421275156480;TRUE
1393935703134900224;FALSE
1393967197945479168;FALSE
1393968902527459328;FALSE
1394281222436687872;FALSE
1394976529528938496;FALSE
1395305638239117312;FALSE
1395361726133116928;FALSE
1399034623993298944;FALSE
1400357608532361216;FALSE
1401612268094251008;FALSE
1402155843269844992;FALSE
1403049788736741376;FALSE
1403957269717454848;FALSE
1403963789544931328;TRUE
1403964753660289024;FALSE
1403978236237856768;FALSE
1405047308656521216;FALSE
1405167043859603456;FALSE
1405205306574000128;FALSE
1405208453790973952;FALSE
1406584567197224960;FALSE
1767;FALSE
1011529382218818;FALSE
857966087575149;FALSE
935645553140535;FALSE
1044257005612722;FALSE
1065343120170777;FALSE
857855154252909;FALSE
1057707157601040;FALSE
857978330907258;FALSE
1057729404265482;FALSE
1057729290932160;FALSE
968391936532563;FALSE
856900041015087;FALSE
1065588100146279;TRUE
857977504240674;FALSE
987833101255113;FALSE
1098144503557305;FALSE
857584340946657;FALSE
972151102823313;FALSE
856732587698499;FALSE
972120872826336;FALSE
993972000641223;TRUE
856751564363268;FALSE
857158630989228;FALSE
1064877440217345;FALSE
857080507663707;FALSE
