id;prediction
862053823833042;FALSE
855165061188585;FALSE
1111354418902980;FALSE
945846622120428;FALSE
985365271501896;FALSE
985366441501779;FALSE
1105442849494137;FALSE
982674361770987;FALSE
982758831762540;FALSE
874708579234233;FALSE
982667678438322;FALSE
882989701739454;FALSE
982645988440491;FALSE
1013203705384719;FALSE
882699835101774;FALSE
862000027171755;FALSE
947686335269790;TRUE
1134103503294738;FALSE
1064470026924753;FALSE
882719935099764;FALSE
989275747777515;FALSE
1070288119676277;TRUE
1063235700381519;FALSE
989185777786512;FALSE
991238614247895;FALSE
1096131433758612;FALSE
1134083793296709;FALSE
935265376511886;FALSE
982704011768022;FALSE
882819101756514;FALSE
1043763608995395;FALSE
994076447297445;TRUE
945882775450146;FALSE
876382502400174;FALSE
1095898477115241;FALSE
876263492412075;TRUE
982693468435743;FALSE
1012654228773000;FALSE
1035104689861287;FALSE
1063308820374207;FALSE
1105409149497507;FALSE
1105493532822402;TRUE
1095899710448451;FALSE
982680128437077;FALSE
876259309079160;TRUE
935275609844196;FALSE
985439351494488;FALSE
855496534488771;FALSE
876852719019819;FALSE
951531478218609;TRUE
882694568435634;FALSE
1112115172160238;FALSE
1044222715616151;FALSE
1065805110124578;FALSE
1011169552254801;FALSE
1105413799497042;FALSE
1052540418117714;FALSE
982907195081037;FALSE
993669574004799;TRUE
855025964535828;FALSE
1092637337441355;FALSE
876254022413022;FALSE
1063420490363040;FALSE
855120424526382;FALSE
945841635454260;FALSE
882911828413908;FALSE
855002434538181;FALSE
1111875638850858;FALSE
1012953202076436;FALSE
945452185493205;FALSE
1007295999308823;TRUE
1111382938900128;TRUE
1064218396949916;FALSE
1134089513296137;TRUE
945463475492076;FALSE
1057686660936423;FALSE
1011313578907065;FALSE
1035641363140953;FALSE
1011303725574717;FALSE
985458734825883;FALSE
925541977484226;FALSE
982690891769334;FALSE
946608642044226;FALSE
888099441228480;FALSE
982679938437096;FALSE
1035619196476503;FALSE
1096670797038009;FALSE
1064598473578575;FALSE
962237647147992;FALSE
855656551139436;FALSE
876468302391594;FALSE
946369945401429;FALSE
1012279755477114;FALSE
1111624782209277;TRUE
1063630667008689;FALSE
1011544105550679;FALSE
1063848503653572;FALSE
1152532684785153;FALSE
1055665194471903;FALSE
1111393625565726;FALSE
882956041742820;FALSE
982644111774012;FALSE
1064071713631251;FALSE
1069107183127704;FALSE
1055808504457572;FALSE
1035114186527004;FALSE
855588257812932;FALSE
1010199642351792;TRUE
1056940837677672;TRUE
1069216273116795;FALSE
1111376042234151;TRUE
1013018012069955;FALSE
1106243169414105;FALSE
855053091199782;FALSE
888092304562527;FALSE
1152536448118110;TRUE
1063672237004532;FALSE
985365124835244;FALSE
855030261202065;FALSE
887992611239163;TRUE
1043669389004817;FALSE
1063793426992413;FALSE
982692438435846;FALSE
884852508219840;FALSE
1056517317720024;FALSE
876300729075018;TRUE
991242127580877;FALSE
1057438310961258;TRUE
862095323828892;FALSE
1043691182335971;FALSE
882916065080151;TRUE
982694978435592;FALSE
1064113860293703;FALSE
989440884427668;FALSE
1011284445576645;FALSE
991249234246833;FALSE
1105726522799103;FALSE
1010405768997846;FALSE
1111437358894686;FALSE
982747268430363;FALSE
1012273822144374;FALSE
1057075300997559;TRUE
1065875530117536;FALSE
882939735077784;FALSE
1035112469860509;FALSE
925416614163429;FALSE
982653915106365;FALSE
1065793086792447;FALSE
1035619626476460;FALSE
1105657119472710;FALSE
977045455667211;FALSE
1095965550441867;FALSE
991408184230938;FALSE
1052379904800432;FALSE
862154243823000;FALSE
876299609075130;FALSE
993536217351468;FALSE
876853105686447;FALSE
882706555101102;FALSE
982723985099358;FALSE
1063450947026661;FALSE
982664388438651;FALSE
945838755454548;FALSE
855002224538202;FALSE
1011213355583754;TRUE
876833045688453;TRUE
1063496310355458;FALSE
1095900310448391;FALSE
960947643943659;FALSE
989180491120374;FALSE
855000861205005;FALSE
1112023602169395;FALSE
1044362922268797;FALSE
1010262829012140;FALSE
1036832319688524;FALSE
982699315101825;FALSE
855154131189678;FALSE
855755944462830;FALSE
1035123016526121;FALSE
1010697675635322;FALSE
991255114246245;FALSE
982663988438691;FALSE
1096250697080019;FALSE
1057014757670280;FALSE
874798709225220;FALSE
1065902480114841;FALSE
1038770262828063;FALSE
945849522120138;FALSE
855580204480404;FALSE
882704635101294;FALSE
1121643084540780;FALSE
1055079777863778;FALSE
982657445106012;FALSE
960870460618044;TRUE
1010179529020470;FALSE
1092554747449614;FALSE
1038695609502195;FALSE
876249032413521;FALSE
945355552169535;TRUE
982695321768891;FALSE
989238677781222;FALSE
1111325292239226;TRUE
1038673579504398;FALSE
882694638435627;FALSE
1111313895573699;FALSE
855013067870451;FALSE
1057641414274281;TRUE
862040777167680;FALSE
855505944487830;FALSE
854998697871888;FALSE
876304525741305;TRUE
1120382824666806;TRUE
1134122189959536;FALSE
1152505418121213;FALSE
876357815735976;FALSE
1096627693708986;FALSE
1134075309964224;FALSE
982670348438055;TRUE
991259394245817;FALSE
855566967815061;FALSE
1007136312658125;FALSE
960888313949592;FALSE
925367427501681;TRUE
1052410114797411;FALSE
1064097873628635;FALSE
982647478440342;FALSE
1055905544447868;FALSE
1069079806463775;FALSE
1096041207100968;FALSE
1064311040273985;FALSE
1035117356526687;FALSE
1063746473663775;FALSE
1134086846629737;TRUE
1011496698888753;FALSE
861973973841027;FALSE
1012870608751362;FALSE
1063636170341472;FALSE
1096296470408775;FALSE
1010248652346891;TRUE
1063529460352143;FALSE
1064160350289054;FALSE
1064353070269782;FALSE
967088306662926;FALSE
991561197548970;FALSE
945459672159123;FALSE
862085357163222;FALSE
1063234640381625;TRUE
951649704873453;TRUE
985366654835091;FALSE
862015910503500;FALSE
985360641502359;FALSE
855481917823566;FALSE
876964879008603;TRUE
951556308216126;FALSE
946353908736366;FALSE
985403768164713;FALSE
991317557573334;FALSE
1134257496612672;FALSE
1012882085416881;FALSE
991276874244069;FALSE
1056932044345218;FALSE
876390499066041;TRUE
1012293705475719;FALSE
1012896368748786;FALSE
1105693019469120;FALSE
876329625738795;TRUE
1012911482080608;TRUE
855204047851353;FALSE
1012254788812944;FALSE
1043677555670667;FALSE
982643978440692;FALSE
1012289585476131;FALSE
855029174535507;FALSE
861942293844195;FALSE
1105406176164471;FALSE
1095995760438846;FALSE
962170337154723;FALSE
1095978570440565;FALSE
945440475494376;FALSE
993508334020923;FALSE
854998774538547;FALSE
945907595447664;FALSE
1111453328893089;FALSE
855026054535819;FALSE
1091940210844401;FALSE
1056878481017241;FALSE
888156074556150;FALSE
982650545106702;FALSE
1010344532337303;FALSE
982647168440373;FALSE
945849902120100;FALSE
1088436224528133;TRUE
951534568218300;FALSE
855271211177970;FALSE
1012232535481836;FALSE
1012660672105689;FALSE
946017865436637;FALSE
982672845104472;FALSE
1111310295574059;FALSE
1064314346940321;FALSE
888005401237884;FALSE
962181420486948;FALSE
1011170858921337;FALSE
1069527479752341;FALSE
1012444952127261;FALSE
1035158536522569;TRUE
935268583178232;FALSE
855118057859952;FALSE
1057070180998071;FALSE
1111833815521707;FALSE
1012425698795853;FALSE
1038626276175795;FALSE
985473684824388;FALSE
982642991774124;FALSE
1095905710447851;FALSE
876408682397556;TRUE
882702251768199;FALSE
1063241180380971;FALSE
1069095463128876;FALSE
982676461770777;FALSE
1012648898773533;FALSE
935262416512182;FALSE
1057014201003669;FALSE
1112440668794355;TRUE
947078791997211;FALSE
1055166244521798;FALSE
1036216296416793;FALSE
1035117289860027;FALSE
1121710911200664;FALSE
1012886135416476;FALSE
1063273040377785;FALSE
876314565740301;FALSE
876863245685433;TRUE
1043586912346398;TRUE
876280595743698;TRUE
1065849560120133;FALSE
876322669072824;TRUE
1134199179951837;FALSE
935302416508182;FALSE
1010768035628286;FALSE
1096004477104641;FALSE
1012248532146903;FALSE
1095921853779570;FALSE
1057930104245412;FALSE
951909251514165;FALSE
1095986150439807;FALSE
1065985990106490;FALSE
855035124534912;FALSE
1105414172830338;FALSE
985413578163732;FALSE
1035140836524339;FALSE
1092591850779237;TRUE
982639311774492;FALSE
882854798419611;FALSE
1013072875397802;FALSE
1007143705990719;FALSE
1095917153780040;FALSE
951547974883626;FALSE
861972023841222;FALSE
1105418939496528;FALSE
1095906867114402;FALSE
862056920499399;FALSE
855423804496044;FALSE
935350059836751;FALSE
982725998432490;FALSE
1063646240340465;FALSE
1035615773143512;FALSE
876265015745256;FALSE
982656768439413;TRUE
1105686159469806;FALSE
1056683287703427;FALSE
1065989990106090;FALSE
1134086183296470;TRUE
1111306625574426;FALSE
1056948884343534;FALSE
1105447436160345;FALSE
855047854533639;FALSE
882702795101478;FALSE
1056483774390045;FALSE
982664415105315;FALSE
855603651144726;FALSE
1055281314510291;FALSE
985356324836124;FALSE
882712288433862;FALSE
1064440160261073;FALSE
945835875454836;FALSE
1055539311151158;TRUE
1063291110375978;FALSE
945842968787460;FALSE
862016450503446;FALSE
982662528438837;TRUE
876836425688115;FALSE
1010356119002811;FALSE
1055105557861200;FALSE
945887198783037;FALSE
1111327948905627;TRUE
855043487867409;FALSE
945845538787203;FALSE
1120175808020841;FALSE
861943553844069;FALSE
855026791202412;FALSE
982672668437823;FALSE
876823742356050;FALSE
862705407101217;FALSE
883008158404275;FALSE
855001714538253;FALSE
1055085407863215;FALSE
855111904527234;FALSE
882733331765091;FALSE
1096524020386020;FALSE
982713488433741;FALSE
1012236142148142;FALSE
1095983900440032;FALSE
1056500487721707;FALSE
1012993685405721;FALSE
1105449739493448;FALSE
925529304152160;FALSE
876590965712661;FALSE
876578349047256;FALSE
985429884828768;FALSE
1063715673666855;FALSE
1152578771447211;FALSE
1010362219002201;FALSE
935642359807521;FALSE
1010194342352322;FALSE
861964547175303;FALSE
854996161205475;FALSE
862078937163864;FALSE
946014522103638;FALSE
1038629589508797;TRUE
1056731871031902;TRUE
985409611497462;FALSE
991236564248100;FALSE
1112468378791584;FALSE
854999227871835;FALSE
991391747565915;FALSE
982644041774019;FALSE
876346152403809;FALSE
946345978737159;FALSE
1063662880338801;FALSE
1010188025686287;TRUE
1065869666784789;TRUE
888001044571653;FALSE
1134105556627866;FALSE
1065828320122257;FALSE
1063849670320122;FALSE
1012912115413878;FALSE
1012999598738463;FALSE
1035140896524333;FALSE
855127791192312;FALSE
1038715902833499;TRUE
991240174247739;FALSE
882734981764926;FALSE
946397158732041;FALSE
1064058540299235;FALSE
877128872325537;TRUE
991379230900500;FALSE
991241244247632;FALSE
945383265500097;FALSE
1069269359778153;FALSE
1134208746617547;FALSE
982682495103507;FALSE
1111602728878149;FALSE
1056485914389831;FALSE
855549784483446;FALSE
1012423965462693;FALSE
1011279665577123;FALSE
876387142399710;FALSE
925318617506562;TRUE
1111579588880463;FALSE
1063243667047389;FALSE
876842535687504;TRUE
951539511551139;TRUE
1065800806791675;FALSE
1044517805586642;FALSE
1112095902162165;FALSE
982979781740445;FALSE
982701301768293;FALSE
1056971114341311;FALSE
1038622009509555;FALSE
1056907327681023;FALSE
882754875096270;FALSE
982727505099006;FALSE
876916642346760;FALSE
862034650501626;FALSE
1134089696629452;FALSE
1105674109471011;FALSE
985378588167231;FALSE
1096099627095126;FALSE
1092184687486620;FALSE
945865975451826;FALSE
1064392050265884;TRUE
1078327128872376;FALSE
888040844567673;FALSE
1105406039497818;TRUE
1105445282827227;FALSE
1035121233192966;FALSE
1152519454786476;FALSE
1064142376957518;FALSE
1007225742649182;FALSE
1010204389017984;FALSE
862025783835846;FALSE
962166687155088;FALSE
985415374830219;FALSE
1056909341014155;TRUE
855026964535728;FALSE
888149277890163;FALSE
1057745177597238;FALSE
855010781204013;FALSE
1111379568900465;FALSE
855002134538211;FALSE
1035160573189032;FALSE
1091843190854103;FALSE
1065825506789205;FALSE
862032357168522;FALSE
1010344722337284;FALSE
1043801362324953;TRUE
1069102966461459;FALSE
1013049922066764;FALSE
1096374510400971;FALSE
982643488440741;FALSE
1007131815991908;TRUE
945879612117129;FALSE
1113163535388735;FALSE
1055213871183702;FALSE
1134159486622473;FALSE
1064059643632458;FALSE
876298435741914;TRUE
982648235106933;FALSE
982693501769073;TRUE
882679505103807;FALSE
925369454168145;FALSE
1012422178796205;FALSE
1035477253157364;FALSE
1010195939018829;FALSE
935338609837896;FALSE
982643485107408;FALSE
1064182420286847;FALSE
1111331225571966;FALSE
1012238182147938;FALSE
982658971772526;FALSE
1112468525458236;FALSE
1056493644389058;FALSE
1096011473770608;TRUE
1105412549497167;FALSE
1134593753245713;FALSE
1012897915415298;FALSE
1106347502737005;FALSE
982725658432524;FALSE
1012235318814891;FALSE
1043654569006299;FALSE
1035127713192318;FALSE
885317818173309;FALSE
983124815059275;FALSE
945893725449051;FALSE
1012240535481036;FALSE
888000817905009;TRUE
855025224535902;FALSE
1057413247630431;FALSE
1063653440339745;FALSE
1007282212643535;FALSE
1068395143198908;FALSE
1012902338748189;FALSE
977139848991105;TRUE
951558501549240;TRUE
1011304088908014;FALSE
861995233838901;FALSE
882737181764706;TRUE
982640918440998;FALSE
882898908415200;FALSE
1055400284498394;TRUE
1112092768829145;FALSE
862004293837995;FALSE
945839155454508;TRUE
1064399073598515;FALSE
1111960678842354;FALSE
861980497173708;FALSE
855049811200110;FALSE
890339614337796;TRUE
1043595395678883;FALSE
1056525494385873;FALSE
876323939072697;FALSE
982684238436666;FALSE
1012237425481347;FALSE
1010862035618886;FALSE
1091911647513924;TRUE
888001324571625;FALSE
855016267870131;FALSE
1064025040302585;FALSE
1052410211464068;FALSE
1043629695675453;TRUE
951905361514554;FALSE
861944220510669;FALSE
882704138434677;FALSE
882803428424748;TRUE
1091857340852688;FALSE
855014201203671;FALSE
945897228782034;TRUE
855031244535300;FALSE
855658164472608;FALSE
1105423062829449;FALSE
1010179112353845;TRUE
1052454194793003;FALSE
882922171746207;FALSE
1011308708907552;FALSE
925415927496831;FALSE
1096223367082752;FALSE
1094832453888510;FALSE
952072748164482;FALSE
882729931765431;FALSE
855055097866248;FALSE
1096026870435735;FALSE
1043589502346139;TRUE
1007134235991666;FALSE
876415035730254;FALSE
882695721768852;FALSE
1152510994787322;FALSE
1010179929020430;FALSE
1096097363762019;FALSE
946527012052389;FALSE
1035111523193937;FALSE
1035110449860711;FALSE
1064128473625575;FALSE
1035433079828448;FALSE
1010855038952919;FALSE
856085694429855;FALSE
935306076507816;FALSE
1056908467680909;FALSE
935302986508125;FALSE
1134157633289325;FALSE
960875697284187;FALSE
1012384202133336;FALSE
1065826126789143;FALSE
1134308173274271;FALSE
1013141452057611;FALSE
1057125300992559;TRUE
960977197274037;FALSE
888002051238219;FALSE
1035430883162001;FALSE
1055099767861779;FALSE
1105473249491097;FALSE
882850098420081;FALSE
1111369032234852;FALSE
935295249842232;FALSE
991247277580362;FALSE
982690371769386;FALSE
1065802966791459;TRUE
1122138247824597;FALSE
855023214536103;FALSE
1096059103765845;FALSE
946072068764550;FALSE
1007175305987559;TRUE
991270450911378;FALSE
876247789080312;FALSE
962244713813952;FALSE
876287889076302;FALSE
1063228383715584;FALSE
982735235098233;FALSE
1055074841197605;TRUE
855576577814100;FALSE
982763088428781;TRUE
945858592119231;TRUE
982705918434498;FALSE
855030947868663;FALSE
982641091774314;FALSE
1012948515410238;FALSE
876557925715965;FALSE
1064698556901900;FALSE
876302912408133;TRUE
855111447860613;FALSE
1012407982130958;FALSE
1152508151454273;TRUE
1069103473128075;FALSE
1010288085676281;FALSE
1012899165415173;TRUE
876396139065477;TRUE
982978891740534;FALSE
983129178392172;FALSE
982703321768091;FALSE
862059397165818;TRUE
888199634551794;TRUE
882729555098802;FALSE
993845193987237;FALSE
1069093459795743;FALSE
991483614223395;FALSE
925345390837218;TRUE
1111322248906197;FALSE
945856925452731;FALSE
861991987172559;FALSE
876404735731284;FALSE
991313230907100;FALSE
985378624833894;FALSE
1007133312658425;FALSE
991313957573694;TRUE
982643718440718;FALSE
982682365103520;TRUE
1012235262148230;FALSE
1035113196527103;FALSE
855133824525042;FALSE
985366704835086;FALSE
982642208440869;TRUE
991268987578191;FALSE
1096111673760588;FALSE
1056754221029667;FALSE
1010293359009087;FALSE
855778691127222;FALSE
1012343432137413;FALSE
960964183942005;FALSE
925404097498014;TRUE
957606537611103;FALSE
876353675736390;FALSE
1055321104506312;FALSE
882677708437320;FALSE
1057751464263276;FALSE
982695398435550;FALSE
1064325350272554;FALSE
855285374509887;FALSE
1069232883115134;TRUE
1112417015463387;FALSE
935728279798929;FALSE
982680345103722;FALSE
1069125263125896;FALSE
982735445098212;FALSE
982656661772757;FALSE
961742380530852;FALSE
876361132402311;FALSE
982672455104511;FALSE
945844842120606;FALSE
945901512114939;FALSE
1012235615481528;FALSE
1095979647107124;FALSE
1068672513171171;FALSE
1120268948011527;FALSE
861956353842789;FALSE
1064681600236929;FALSE
861964630508628;FALSE
1064548636916892;FALSE
1057041454334277;TRUE
945361605502263;FALSE
925344500837307;FALSE
1152502408121514;TRUE
982702778434812;TRUE
945899822115108;FALSE
855026431202448;FALSE
877086058996485;FALSE
1055088547862901;FALSE
1069232566448499;FALSE
882764991761925;FALSE
1094613687243720;FALSE
1105522552819500;FALSE
1012407045464385;FALSE
1012416042130152;FALSE
1065902996781456;FALSE
1055645141140575;FALSE
991259424245814;FALSE
883015605070197;FALSE
1094622543909501;TRUE
876252432413181;TRUE
1111577848880637;FALSE
982681965103560;FALSE
854997881205303;FALSE
1011545028883920;FALSE
982650028440087;TRUE
1105432029495219;FALSE
1064310513607371;FALSE
861945153843909;FALSE
876336795738078;FALSE
1063787500326339;FALSE
1111307592240996;FALSE
982645475107209;FALSE
1055240207847735;TRUE
1111349058903516;TRUE
1111321925572896;FALSE
946757465362677;FALSE
1112021735502915;TRUE
855109371194154;FALSE
1063742860330803;FALSE
887988604572897;FALSE
1052416324796790;FALSE
1056910027680753;FALSE
882900848415006;FALSE
862103870494704;FALSE
855000464538378;FALSE
1134559846582437;FALSE
1056522671052822;FALSE
977073448997745;TRUE
1064678616903894;FALSE
945901098781647;FALSE
991239817581108;FALSE
1095899217115167;FALSE
1035164133188676;TRUE
876442315727526;TRUE
1007240065981083;TRUE
993581484013608;FALSE
882917185080039;TRUE
854999131205178;FALSE
855054494532975;FALSE
1052396014798821;FALSE
962169650488125;FALSE
982647435107013;FALSE
1055104181194671;FALSE
876249212413503;FALSE
1012396702132086;FALSE
1056561914382231;TRUE
1007147579323665;FALSE
861968353841589;FALSE
1012943428744080;FALSE
1064314573606965;FALSE
925374807500943;FALSE
982986915073065;FALSE
1055294291175660;FALSE
991236934248063;FALSE
985390298166060;FALSE
1035112926527130;FALSE
982916158413474;FALSE
982715175100239;FALSE
1012650432106713;FALSE
888186931219731;FALSE
982668581771565;TRUE
1120258894679199;FALSE
882676905104067;FALSE
862584300446661;FALSE
1063515570353532;FALSE
991255704246186;FALSE
1152512788120476;FALSE
855665754471849;FALSE
1080840971954325;FALSE
876294655742292;FALSE
855587964479628;FALSE
991552170883206;FALSE
1010454158993007;FALSE
1013017655403324;FALSE
1052518578119898;FALSE
862798380425253;TRUE
1035118613193228;FALSE
1065823743456048;FALSE
982648538440236;FALSE
982713611767062;FALSE
1092976644074091;FALSE
1035102196528203;FALSE
1105766559461766;FALSE
1063271437044612;TRUE
1063439613694461;FALSE
855027527869005;FALSE
1011273445577745;FALSE
1035128513192238;FALSE
1095972880441134;TRUE
991522110886212;FALSE
925359714169119;FALSE
855012394537185;FALSE
960944407277316;FALSE
1152541824784239;FALSE
982650971773326;FALSE
855020241203067;FALSE
855015437870214;FALSE
1043633469008409;FALSE
1069174773120945;FALSE
861971160507975;FALSE
855018774536547;FALSE
945900112115079;TRUE
960853083953115;FALSE
1112624902109265;FALSE
1111622855542803;FALSE
862108287160929;FALSE
945856125452811;TRUE
855052094533215;FALSE
1035118629859893;TRUE
1111723398866082;FALSE
1013077345397355;FALSE
1012621778776245;FALSE
1065820223456400;FALSE
960873153951108;TRUE
982644018440688;FALSE
1038635296174893;FALSE
876295789075512;TRUE
861954883842936;TRUE
977246905647066;FALSE
1066008933437529;TRUE
946960722009018;FALSE
946639118707845;FALSE
1064357356936020;FALSE
982663545105402;FALSE
1012981158740307;FALSE
861985940506497;FALSE
876441712394253;FALSE
989190287786061;FALSE
1094921137212975;FALSE
1095968110441611;FALSE
883191225052635;FALSE
876294059075685;FALSE
1063662093672213;FALSE
1011303252241431;FALSE
884838518221239;FALSE
1038639076174515;FALSE
946609042044186;FALSE
1095902660448156;FALSE
1057349440970145;TRUE
1095996907105398;FALSE
887995011238923;FALSE
945886872116403;FALSE
982640571774366;FALSE
1012314795473610;TRUE
1069242579780831;FALSE
1095907320447690;FALSE
960888890616201;FALSE
991292907575799;FALSE
1069188699786219;FALSE
983007638404326;TRUE
1134104273294661;FALSE
925503967488027;FALSE
1152514218120333;FALSE
1152558118115943;FALSE
1152518951453193;FALSE
1043610535677369;FALSE
862000607171697;FALSE
1096022753769480;FALSE
1092497640788658;FALSE
1055076644530758;FALSE
1134099909961764;FALSE
991241197580970;FALSE
1134124546625967;FALSE
1043601382344951;FALSE
991274167577673;FALSE
1111356625569426;FALSE
1065821830122906;FALSE
862054977166260;FALSE
884877754883982;FALSE
961128577258899;FALSE
855705014467923;FALSE
1111392328899189;FALSE
1111455908892831;FALSE
1152516894786732;FALSE
989203681118055;FALSE
991356267569463;FALSE
882707788434312;FALSE
945857475452676;FALSE
1096340870404335;FALSE
982677331770690;TRUE
1105439312827824;FALSE
862699497101808;FALSE
1056670557704700;FALSE
982654465106310;FALSE
1111920318846390;FALSE
945872405451183;FALSE
1011288538909569;FALSE
1063710507000705;TRUE
982683845103372;FALSE
945894622115628;FALSE
883443958360695;FALSE
857153037656454;FALSE
960908330614257;FALSE
982645125107244;FALSE
1096368550401567;FALSE
862016753836749;FALSE
876580182380406;FALSE
982762695095487;FALSE
982724235099333;FALSE
1056912891013800;TRUE
876411812397243;FALSE
1012378848800538;FALSE
1035359756502447;FALSE
882778671760557;FALSE
876328149072276;TRUE
882719578433133;FALSE
925495774155513;FALSE
1011167595588330;FALSE
882720705099687;FALSE
1096148273756928;FALSE
876255452412879;TRUE
882772715094486;FALSE
1055973267774429;FALSE
861980090507082;FALSE
982696251768798;FALSE
1069230189782070;FALSE
985772704794486;FALSE
1095905150447907;FALSE
1112099978828424;FALSE
855015591203532;FALSE
1010176829020740;TRUE
1035475253157564;FALSE
855014354536989;FALSE
888464771191947;FALSE
945873422117748;FALSE
882739931764431;FALSE
1064037340301355;TRUE
888176124554145;FALSE
1010701588968264;FALSE
1056948807676875;TRUE
1035142839857472;FALSE
982722458432844;FALSE
855031034535321;FALSE
945837568788000;FALSE
991235150914908;FALSE
966645046707252;FALSE
1056920097679746;FALSE
862014543836970;FALSE
1096015017103587;FALSE
1010190785686011;FALSE
1056916587680097;TRUE
1010216029016820;FALSE
982690425102714;FALSE
1063266350378454;FALSE
862093087162449;FALSE
945918558779901;FALSE
951679868203770;FALSE
1111845195520569;TRUE
876298439075247;FALSE
1010318749006548;FALSE
1105915409446881;FALSE
945379548833802;FALSE
935341949837562;FALSE
1035354283169661;FALSE
982978675073889;TRUE
888077157897375;FALSE
1069523676419388;FALSE
1056995137672242;TRUE
1012412798797143;FALSE
1063249003713522;FALSE
1043667629004993;FALSE
993528690685554;FALSE
862386143799810;FALSE
1056924284345994;TRUE
1038974089474347;FALSE
882712008433890;FALSE
1056881201016969;TRUE
1152538804784541;FALSE
1111436615561427;FALSE
1057207600984329;FALSE
1012270312144725;FALSE
876827825688975;FALSE
1056924644345958;FALSE
888170224554735;TRUE
882679601770464;FALSE
1011197125585377;FALSE
1111877628850659;FALSE
1010568668981556;FALSE
1056922834346139;FALSE
876264699078621;FALSE
1055107914527631;FALSE
985378911500532;FALSE
982682915103465;FALSE
1064369770268112;FALSE
1105451409493281;FALSE
1010190375686052;FALSE
1044182942286795;TRUE
855032391201852;FALSE
874510025920755;FALSE
882745038430587;FALSE
876405815731176;FALSE
1010694948968928;FALSE
945854012119689;FALSE
1096490053722750;FALSE
1063741883664234;FALSE
855031407868617;FALSE
982690255102731;FALSE
854999467871811;FALSE
1035105359861220;FALSE
1012562102115546;FALSE
1096001070438315;FALSE
1065969503441472;FALSE
855056661199425;FALSE
957619584276465;FALSE
946367528735004;FALSE
1036656696372753;FALSE
1035118866526536;FALSE
855014941203597;FALSE
1035148656523557;FALSE
961448440560246;FALSE
1052506124787810;FALSE
1063844610320628;FALSE
1035113873193702;FALSE
935324736505950;FALSE
1056474857724270;FALSE
935299146508509;FALSE
935657996472624;FALSE
876793499025741;FALSE
945894082115682;FALSE
989174717787618;FALSE
985651848139905;FALSE
1063231907048565;FALSE
1069223186449437;FALSE
861945403843884;FALSE
882783671760057;FALSE
1069102346461521;FALSE
1134157546622667;FALSE
1134110799960675;FALSE
1012292532142503;FALSE
1069104136461342;FALSE
982810825090674;FALSE
1095900697115019;FALSE
874735189231572;FALSE
882715515100206;FALSE
855120437859714;FALSE
855483097823448;FALSE
1152532858118469;FALSE
1012239375481152;FALSE
1012883278750095;FALSE
1065798570125232;TRUE
1010176609020762;FALSE
1012450508793372;FALSE
1012279632143793;FALSE
1064080783630344;FALSE
861950493843375;FALSE
1096343390404083;FALSE
1066007420104347;TRUE
876294832408941;FALSE
982654891772934;FALSE
1064392373599185;FALSE
1035143686524054;FALSE
1018199771551779;FALSE
888057327899358;FALSE
1063652380339851;TRUE
989173224454434;FALSE
855695037802254;FALSE
1096105610427861;FALSE
1018198641551892;FALSE
1012292645475825;FALSE
861972287174529;FALSE
855147624523662;FALSE
1035105236527899;FALSE
1111393088899113;FALSE
861945587177199;FALSE
1065855763452846;FALSE
862001143838310;FALSE
877367678968323;TRUE
945990798772677;FALSE
1111346312237124;FALSE
855027071202384;FALSE
874469049258186;FALSE
1057130510992038;TRUE
855673484471076;FALSE
945834182121672;FALSE
1096726673699088;FALSE
982656621772761;FALSE
855115014526923;FALSE
982645065107250;FALSE
882774511760973;FALSE
855014557870302;FALSE
862405443797880;FALSE
1043699729001783;FALSE
876423675729390;FALSE
935312779840479;FALSE
982711535100603;FALSE
1152530018118753;FALSE
1134215799950175;TRUE
982640141774409;FALSE
1065819610123128;TRUE
855415511163540;FALSE
945436332161457;FALSE
861940890511002;FALSE
935327376505686;FALSE
882681251770299;FALSE
982678995103857;FALSE
888259684545789;FALSE
1064464676925288;FALSE
1096061870432235;FALSE
862031323835292;FALSE
855493257822432;TRUE
882681471770277;FALSE
1105779249460497;TRUE
1011084248929998;TRUE
887988007906290;FALSE
960984853939938;FALSE
883070495064708;FALSE
1111904338847988;FALSE
1010692778969145;FALSE
855031634535261;FALSE
935270236511400;FALSE
991277077577382;FALSE
1111657138872708;FALSE
991314550906968;FALSE
957631880941902;FALSE
935272183177872;FALSE
1035160236522399;FALSE
888130697892021;TRUE
985439078161182;FALSE
1063236597048096;FALSE
1069140416457714;FALSE
1063729926998763;FALSE
958055327566224;FALSE
1035347536503669;FALSE
1043599935678429;FALSE
1012427868795636;FALSE
876248239080267;FALSE
1010345525670537;FALSE
945838092121281;FALSE
882698305101927;FALSE
1056526934385729;FALSE
985368528168237;FALSE
1069091096462646;FALSE
1035131606525262;FALSE
1065879573450465;FALSE
1065897560115333;FALSE
1012281642143592;FALSE
861984600506631;FALSE
1010211992350557;TRUE
855145824523842;FALSE
887989761239448;FALSE
1105646976140391;TRUE
989188284452928;FALSE
1010210719017351;TRUE
1055310961173993;FALSE
1063772613661161;FALSE
1065882156783540;TRUE
1094666537238435;FALSE
977031212335302;FALSE
1012648365440253;FALSE
876344975737260;FALSE
1112007162171039;FALSE
874735239231567;FALSE
1152501511454937;FALSE
1111664408871981;FALSE
855624424475982;FALSE
1088449101193512;FALSE
1063650763673346;FALSE
1063285323709890;FALSE
982696711768752;FALSE
862000170505074;FALSE
1012440768794346;FALSE
982644808440609;FALSE
876421262396298;FALSE
985474234824333;FALSE
946391518732605;FALSE
862535033784921;FALSE
1063814940323595;FALSE
1038641149507641;TRUE
982645718440518;FALSE
1063638593674563;FALSE
945834532121637;TRUE
1096299153741840;FALSE
985458258159264;FALSE
1088889734482782;FALSE
1012668625438227;FALSE
876344582403966;FALSE
1063832000321889;FALSE
1063484490356640;TRUE
1065811533457269;TRUE
982770678428022;FALSE
1035130883192001;FALSE
1012949088743514;FALSE
1111842592187496;FALSE
1007242295980860;FALSE
1056926337679122;FALSE
874587235913034;FALSE
1007137865991303;FALSE
1134604606577961;FALSE
1095983250440097;FALSE
1012951658743257;FALSE
945541748817582;FALSE
855577437814014;FALSE
1043595722345517;TRUE
882710065100751;FALSE
1134083426630079;TRUE
1065880436783712;FALSE
1095986330439789;FALSE
855018917869866;FALSE
982904421747981;FALSE
1038649322840157;FALSE
855020794536345;TRUE
991503954221361;FALSE
1112029748835447;FALSE
1120230321348723;FALSE
1111511492220606;FALSE
960871470617943;TRUE
861959343842490;TRUE
945850128786744;FALSE
945846618787095;FALSE
945496728822084;TRUE
882681295103628;FALSE
1105412576163831;FALSE
855003017871456;FALSE
982644025107354;FALSE
1055254587846297;FALSE
1035130013192088;FALSE
1035397626498660;FALSE
1035154296522993;FALSE
861988330506258;FALSE
855168104521614;FALSE
982681188436971;FALSE
1007141489324274;FALSE
1095982850440137;FALSE
876272719077819;FALSE
1069088383129584;TRUE
1055076944530728;TRUE
1134129746625447;FALSE
1056680681037021;FALSE
1063682823670140;FALSE
882714238433667;FALSE
882701285101629;FALSE
876389492399475;FALSE
1112142405490848;TRUE
1066279683410454;FALSE
882705511767873;FALSE
945892488782508;FALSE
1134088556629566;FALSE
945392992165791;FALSE
985520511486372;FALSE
882695015102256;FALSE
855486627823095;FALSE
1035143499857406;FALSE
1007153892656367;FALSE
1111856488852773;FALSE
1112008988837523;FALSE
876302335741524;FALSE
1044014898970266;FALSE
945433585495065;FALSE
1078280222210400;TRUE
989363874435369;FALSE
935351609836596;FALSE
1063713930333696;FALSE
1057400514298371;TRUE
1010841395620950;TRUE
1111370568901365;FALSE
1134122153292873;FALSE
882899808415110;FALSE
1010299722341784;FALSE
882683365103421;FALSE
882681028436988;FALSE
1035099606528462;FALSE
855025821202509;FALSE
1069107499794339;TRUE
855003031204788;FALSE
982803401758083;FALSE
1012429162128840;FALSE
855002054538219;FALSE
1012890685416021;FALSE
856134954424929;TRUE
1012270818811341;FALSE
876542995717458;FALSE
982650515106705;FALSE
1064310536940702;FALSE
855469801158111;FALSE
982680888437001;TRUE
982753061763117;FALSE
1035104153194674;FALSE
1056909091014180;FALSE
1013008805404209;FALSE
982731005098656;FALSE
1134814273223661;FALSE
1012952972076459;FALSE
991273904244366;FALSE
1057032597668496;TRUE
882681341770290;FALSE
855118557859902;FALSE
994506060587817;FALSE
1152523058119449;FALSE
1095907767114312;FALSE
1096019327103156;FALSE
1063694450335644;FALSE
876310775740680;FALSE
1063232907048465;FALSE
925409060830851;FALSE
967090683329355;FALSE
1035099756528447;FALSE
1096358583735897;FALSE
876290812409343;FALSE
1057097867661969;TRUE
874734562564968;FALSE
877945832243841;FALSE
945839592121131;FALSE
991237914247965;FALSE
1063677383670684;FALSE
1063780020327087;FALSE
1105441706160918;FALSE
977127698992320;FALSE
1012533228785100;TRUE
1043674199004336;TRUE
985363894835367;FALSE
982641438440946;FALSE
1065844666787289;FALSE
1096013480437074;FALSE
1007234865981603;FALSE
882702418434849;FALSE
1018204041551352;FALSE
876283412410083;FALSE
1064056406966115;FALSE
1056916617680094;TRUE
861956933842731;FALSE
1052387834799639;TRUE
1035161756522247;FALSE
1134072226631199;FALSE
1105417686163320;FALSE
1105463829492039;FALSE
991265930911830;FALSE
1120456831326072;FALSE
982751258429964;FALSE
985385028166587;FALSE
876294569075634;FALSE
1064996736872082;FALSE
1035133236525099;FALSE
1007256025979487;FALSE
1064353540269735;FALSE
1063648707006885;FALSE
991241037580986;FALSE
1013218355383254;FALSE
855000834538341;FALSE
854999657871792;FALSE
882705221767902;FALSE
1011257425579347;FALSE
861983447173413;FALSE
1080342652004157;TRUE
882863008418790;FALSE
1113783251993430;FALSE
861954450509646;FALSE
1010341575670932;FALSE
855150167856741;FALSE
1063656813672741;FALSE
982762378428852;FALSE
1035153503189739;FALSE
1012249962146760;FALSE
888077631230661;FALSE
960927637278993;TRUE
1010505942321162;FALSE
991305340907889;FALSE
1057007411004348;FALSE
1065865160118573;FALSE
1063709537000802;FALSE
876301515741606;FALSE
1035102043194885;FALSE
977111838993906;FALSE
1105399299498492;FALSE
1055103211194768;TRUE
925359054169185;FALSE
1096049223766833;FALSE
993445280693895;FALSE
876245765747181;FALSE
1056933157678440;TRUE
882681918436899;FALSE
862028687168889;FALSE
1063902346981521;FALSE
1012232922148464;TRUE
876277465744011;FALSE
1096020673769688;FALSE
1064300370275052;FALSE
935291353175955;FALSE
1013010235404066;FALSE
991239820914441;FALSE
862138213824603;TRUE
862014470503644;FALSE
1063299323708490;FALSE
854999327871825;FALSE
1064026543635768;FALSE
1038624766175946;FALSE
876262309078860;FALSE
855867304451694;FALSE
1152537734784648;FALSE
1052539804784442;FALSE
1011724142199342;FALSE
982649445106812;FALSE
1043773618994394;FALSE
1012235322148224;FALSE
1112174678820954;FALSE
982978988407191;FALSE
991275147577575;FALSE
862797663758658;FALSE
1012260888812334;FALSE
862200553818369;FALSE
1010654255639664;FALSE
1134073023297786;FALSE
855696027802155;FALSE
1088473577857731;FALSE
1097069930331429;FALSE
1065813063457116;FALSE
960895487282208;TRUE
993653417339748;FALSE
876349989070092;FALSE
1052414134797009;FALSE
1043755485662874;FALSE
1012948412076915;FALSE
1065859820119107;TRUE
888171121221312;FALSE
1152549161450172;FALSE
1012689088769514;FALSE
1095981667106922;TRUE
1010192659019157;TRUE
1095900480448374;FALSE
982669145104842;FALSE
1012413605463729;FALSE
1105437422828013;FALSE
1010191899019233;FALSE
1096074887097600;FALSE
1088422024529553;FALSE
855061824532242;FALSE
876308935740864;TRUE
945828105455613;FALSE
1035100196528403;TRUE
1065920073446415;FALSE
991576984214058;FALSE
1035588979812858;FALSE
945886172116473;FALSE
945839458787811;FALSE
1064347443603678;FALSE
945876605450763;FALSE
1095900563781699;FALSE
876360242402400;FALSE
982647368440353;FALSE
855027667868991;FALSE
1065802840124805;FALSE
982649471773476;FALSE
855623634476061;FALSE
882711078433983;FALSE
982669785104778;TRUE
1055299324508490;FALSE
945837505454673;FALSE
1111923292179426;FALSE
876255512412873;FALSE
989187501119673;FALSE
1035139989857757;FALSE
945873385451085;FALSE
1080381515333604;FALSE
982665568438533;FALSE
957889700916120;FALSE
1096526820385740;FALSE
1095973023774453;TRUE
882693475102410;FALSE
1010230345682055;FALSE
1134201753284913;FALSE
1043607772344312;FALSE
1018198598218563;FALSE
982696061768817;TRUE
876302242408200;TRUE
882692545102503;FALSE
1064316866940069;FALSE
966947220010368;FALSE
1035395799832176;FALSE
1012383338800089;FALSE
1065918040113285;FALSE
862030447168713;FALSE
861958663842558;FALSE
882917875079970;FALSE
945955378776219;FALSE
1105708976134191;FALSE
1063786230326466;FALSE
855027897868968;FALSE
1063999470305142;FALSE
1012965565408533;FALSE
855016151203476;FALSE
1134077109964044;FALSE
1063653993673023;FALSE
1111314652240290;FALSE
1063231437048612;TRUE
1111908962180859;FALSE
982645075107249;FALSE
1111424808895941;FALSE
882816478423443;FALSE
1012268928811530;TRUE
991236000914823;FALSE
989174674454289;FALSE
1105400776165011;FALSE
960870417284715;TRUE
855051134533311;FALSE
1010699548968468;TRUE
982703605101396;FALSE
855520864486338;FALSE
1043627122342377;FALSE
862062830498808;FALSE
1043630395675383;FALSE
985355431502880;FALSE
1055133361191753;FALSE
855187011186390;TRUE
855032157868542;FALSE
1011353272236429;TRUE
1095904940447928;FALSE
982671135104643;FALSE
862025160502575;FALSE
1063292783709144;FALSE
1011258635579226;FALSE
876468342391590;FALSE
1012932558745167;FALSE
985479338157156;FALSE
982760581762365;FALSE
1111305505574538;FALSE
888149374556820;FALSE
854996024538822;FALSE
876279585743799;TRUE
1092491107455978;FALSE
1111593465545742;FALSE
1035162659855490;FALSE
1012425692129187;FALSE
1111338555571233;FALSE
982650901773333;FALSE
1038637276174695;FALSE
1069085893129833;TRUE
1052417571463332;FALSE
1012400938798329;FALSE
876570995714658;FALSE
1043668419004914;FALSE
945845448787212;FALSE
876349595736798;FALSE
991245150913908;FALSE
982771565094600;FALSE
1066088116762944;FALSE
1095995653772190;FALSE
991253790913044;FALSE
861945040510587;FALSE
862156303822794;FALSE
982675251770898;FALSE
1056962287675527;TRUE
1088447327860356;TRUE
1012964955408594;FALSE
982665828438507;FALSE
1134141123290976;FALSE
1064359360269153;FALSE
876457712392653;FALSE
1096372740401148;FALSE
876478079057283;FALSE
958050127566744;FALSE
861941020510989;FALSE
1063681143670308;FALSE
1063482513690171;FALSE
1063604143678008;FALSE
1012934795411610;FALSE
1013191592052597;FALSE
946177002087390;FALSE
1035113899860366;FALSE
1096019997103089;FALSE
982724935099263;FALSE
985426038162486;FALSE
966993583339065;FALSE
945489412156149;FALSE
1111401575564931;FALSE
982726031765820;FALSE
1012444958793927;FALSE
991252740913149;FALSE
985439194827837;FALSE
935754053129685;FALSE
1010693258969097;TRUE
946100065428417;FALSE
982690191769404;FALSE
1063713057000450;FALSE
982648261773597;FALSE
1035709866467436;FALSE
945445895493834;FALSE
1095899583781797;TRUE
882709588434132;FALSE
966728560032234;FALSE
1096522423719513;FALSE
882735911764833;FALSE
1035126116525811;FALSE
945864248785332;FALSE
1043665779005178;FALSE
1038630792842010;FALSE
985413288163761;FALSE
1012422045462885;FALSE
1055316054506817;TRUE
982677258437364;TRUE
882700875101670;FALSE
854996307872127;FALSE
991249597580130;FALSE
1043670152338074;FALSE
1065903976781358;TRUE
855144681190623;FALSE
882682188436872;FALSE
1057068510998238;FALSE
945849148786842;FALSE
855154217856336;FALSE
855165247855233;FALSE
1056996641005425;TRUE
1069103569794732;TRUE
1077839805587775;FALSE
861993987172359;FALSE
855061807865577;FALSE
874464865925271;FALSE
982800625091694;FALSE
985426101495813;FALSE
960927587278998;TRUE
1035136623191427;FALSE
876562969048794;FALSE
876295542408870;TRUE
1063445407027215;FALSE
1007149219323501;TRUE
1112015135503575;FALSE
982659385105818;FALSE
1035132009858555;FALSE
876295659075525;TRUE
1134071743297914;FALSE
1052428821462207;FALSE
1111669902204765;TRUE
1091963204175435;FALSE
1011304792241277;FALSE
982642978440792;FALSE
855536074484817;FALSE
982660901772333;FALSE
855018761203215;FALSE
982782435093513;FALSE
945901755448248;FALSE
1063415397030216;FALSE
1035098359861920;FALSE
882680778437013;FALSE
1096461443725611;FALSE
960898167281940;FALSE
1043590509012705;FALSE
985367934834963;FALSE
1065805330124556;FALSE
1134177726620649;FALSE
855055887866169;FALSE
1010202732351483;FALSE
982660695105687;TRUE
1065970740108015;FALSE
1097837446921344;FALSE
1043702025668220;FALSE
945436718828085;FALSE
989212407783849;FALSE
1065821520122937;FALSE
1063604387011317;FALSE
982660608439029;FALSE
1134707703234318;FALSE
882818535089904;FALSE
1096020123769743;FALSE
982699098435180;FALSE
1111814318856990;FALSE
862196590485432;FALSE
982954888409601;TRUE
945848942120196;TRUE
1007298405975249;FALSE
945433472161743;FALSE
1134573903247698;FALSE
982643228440767;TRUE
882681845103573;TRUE
1111791922192563;FALSE
1007139732657783;FALSE
1063231457048610;FALSE
855051371199954;TRUE
862030747168683;FALSE
876334312404993;FALSE
1012382908800132;FALSE
877945902243834;FALSE
882696401768784;FALSE
945445412160549;FALSE
1105674379470984;FALSE
1063648210340268;FALSE
1043636659008090;FALSE
945458342159256;FALSE
945847725453651;FALSE
1064319876939768;FALSE
1065799113458511;FALSE
862393807132377;FALSE
1065895560115533;FALSE
1152541701450918;FALSE
1012442552127501;FALSE
985890111449412;FALSE
1134186673286421;FALSE
1065444413493981;FALSE
888002124571545;FALSE
862019510503140;FALSE
989182904453466;FALSE
1012456752126081;FALSE
991257027579387;FALSE
945435808828176;FALSE
1063700270335062;FALSE
962154570489633;FALSE
946753225363101;FALSE
1069102383128184;FALSE
1134072919964463;FALSE
982649088440181;FALSE
1013065785398511;TRUE
1056942951010794;TRUE
982648425106914;FALSE
855546244483800;FALSE
945845885453835;FALSE
982646971773726;FALSE
882701505101607;FALSE
1111390808899341;FALSE
1007229862648770;FALSE
861942200510871;FALSE
1056477567723999;FALSE
1120447244660364;FALSE
982666505105106;TRUE
1012455358792887;FALSE
1011182442253512;FALSE
1095968090441613;FALSE
1038633692841720;TRUE
982662615105495;FALSE
1013110968727326;FALSE
1012431062128650;FALSE
888396467865444;FALSE
1012644742107282;FALSE
1063665150338574;FALSE
1064397610265328;FALSE
1035119026526520;FALSE
1111328472238908;FALSE
1012942818744141;FALSE
1010693455635744;FALSE
960970707274686;FALSE
961240583914365;FALSE
1012481878790235;FALSE
855028694535555;FALSE
1063805490324540;FALSE
982645458440544;TRUE
1056949087676847;FALSE
855582804480144;FALSE
876294195742338;TRUE
985358581502565;FALSE
1010343862337370;FALSE
982792311759192;FALSE
982705331767890;FALSE
957810160924074;FALSE
855034797868278;FALSE
1012034585501631;FALSE
985439548161135;FALSE
1012407212131035;FALSE
993613017343788;FALSE
862126617159096;FALSE
1152544111450677;FALSE
982725475099209;FALSE
882696761768748;TRUE
1120264741345281;FALSE
1012937435411346;FALSE
961025837269173;FALSE
982640215107735;FALSE
945832732121817;FALSE
874451869259904;FALSE
855114901193601;FALSE
876258562412568;FALSE
1007164362655320;FALSE
882700308435060;FALSE
876528579052233;FALSE
1111900802181675;FALSE
1012913262080430;FALSE
982641448440945;FALSE
1052387298133026;FALSE
861941707177587;FALSE
935311799840577;FALSE
856310707740687;FALSE
882681865103571;FALSE
1035101939861562;FALSE
876926342345790;TRUE
882950145076743;FALSE
982811345090622;TRUE
876355149069576;FALSE
1106632909375131;FALSE
1069075413130881;FALSE
861942403844184;FALSE
1011209485584141;FALSE
1069087173129705;FALSE
1035191903185899;FALSE
855034974534927;FALSE
1057036421001447;FALSE
1064371163601306;FALSE
1152512011453887;FALSE
1134240943280994;FALSE
982734391764984;FALSE
982638668441223;FALSE
982738741764549;FALSE
882836661754758;TRUE
876531922385232;FALSE
1056908697680886;TRUE
874456845926073;FALSE
960886800616410;TRUE
1095980530440369;FALSE
1096095820428840;FALSE
982763018428788;FALSE
1121741851197570;TRUE
1057164784321944;FALSE
876574402380984;FALSE
1012232878815135;FALSE
1096318803739875;FALSE
945886468783110;FALSE
1052487264789696;TRUE
982686348436455;FALSE
982702738434816;FALSE
1063250820380007;FALSE
1052433354795087;FALSE
982728515098905;FALSE
982767978428292;FALSE
945856678786089;FALSE
1055623657809390;FALSE
985456511492772;FALSE
946595282045562;TRUE
982731715098585;FALSE
982642828440807;TRUE
862341607137597;FALSE
1134780003227088;TRUE
1043594009012355;TRUE
982675395104217;FALSE
1111610238877398;FALSE
1095901183781637;FALSE
855000761205015;FALSE
882974918407599;FALSE
1065865826785173;FALSE
888343897870701;FALSE
1092184574153298;FALSE
982652035106553;FALSE
1063246083713814;FALSE
861980383840386;FALSE
1010204679017955;FALSE
862436197128138;FALSE
925390384166052;FALSE
1066040990100990;FALSE
862582880446803;FALSE
855133037858454;FALSE
982692985102458;FALSE
1052383881466701;FALSE
1095975080440914;FALSE
876439472394477;FALSE
1096051250433297;FALSE
1055225721182517;TRUE
1035722746466148;FALSE
882694535102304;FALSE
876382669066824;TRUE
991265954245161;FALSE
855041871200904;FALSE
985353338169756;FALSE
1064311776940578;FALSE
1011279712243785;FALSE
1095908750447547;FALSE
982665818438508;TRUE
1010202759018147;TRUE
982725398432550;FALSE
1010208205684269;FALSE
991241034247653;FALSE
855714851133606;TRUE
861971910507900;FALSE
862169177154840;FALSE
1069527139752375;TRUE
1111645795540509;FALSE
1105411886163900;TRUE
1063720586999697;TRUE
951533884885035;FALSE
888673774504380;FALSE
1012952845409805;FALSE
1064095176962238;FALSE
935310863174004;FALSE
876251955746562;FALSE
882785291759895;FALSE
945435225494901;FALSE
1152515034786918;FALSE
1012425362129220;FALSE
982991328405957;TRUE
1036313473073742;FALSE
1012462515458838;FALSE
1063751996996556;FALSE
855018241203267;FALSE
1035135839858172;FALSE
1111368145568274;FALSE
876566909048400;FALSE
946659512039139;FALSE
1053150598056696;FALSE
855515087820249;FALSE
961081237263633;TRUE
985461264825630;FALSE
977033392335084;TRUE
1152504144788007;TRUE
855015894536835;FALSE
982643885107368;TRUE
1063251263713296;FALSE
1035117329860023;FALSE
960976750607415;FALSE
1152509578120797;FALSE
1063242603714162;FALSE
855576931147398;FALSE
855059304532494;FALSE
1012249965480093;FALSE
1097371233634632;FALSE
991236887581401;FALSE
982738235097933;TRUE
1010234149015008;FALSE
1064354080269681;FALSE
1063564963681926;FALSE
1063381627033593;FALSE
1107259132645842;TRUE
855119494526475;FALSE
861956943842730;FALSE
982677708437319;FALSE
1069105233127899;FALSE
945366172168473;FALSE
945828322122258;FALSE
1010181072353649;FALSE
876418069063284;FALSE
862341197137638;FALSE
960850027286754;TRUE
1035101389861617;FALSE
1111597748878647;TRUE
1035153783189711;FALSE
1111319508906471;TRUE
1096665413705214;FALSE
1106050589433363;FALSE
1134131393291949;TRUE
1105410512830704;FALSE
1043607289011027;TRUE
876397322398692;TRUE
1120638777974544;FALSE
1091941757510913;FALSE
1063758463662576;FALSE
935321849839572;FALSE
1095908543780901;FALSE
1043643075674115;TRUE
982645165107240;FALSE
876352465736511;FALSE
1035126816525741;FALSE
948209741884116;TRUE
1111400325565056;FALSE
1065910246780731;FALSE
982683221770101;FALSE
945854145453009;FALSE
884887374883020;FALSE
1012483312123425;FALSE
876303655741392;FALSE
876260065745751;FALSE
1134980119873743;FALSE
985380211500402;FALSE
925805454124545;TRUE
1056921254346297;TRUE
862027277169030;TRUE
1111490115556077;FALSE
876314642406960;TRUE
945984192106671;FALSE
982727455099011;FALSE
1097908383580917;FALSE
1063242543714168;FALSE
1012586642113092;FALSE
1055075227864233;FALSE
945842185454205;FALSE
961090720596018;TRUE
1121604714544617;FALSE
1065837533454669;TRUE
1095902777114811;TRUE
1013007482071008;FALSE
1134094019962353;FALSE
1095913477113741;FALSE
951573788214378;TRUE
874511345920623;FALSE
1038993862805703;FALSE
876244669080624;TRUE
982669778438112;FALSE
1064311580273931;FALSE
1035145579857198;TRUE
861979073840517;TRUE
855422447829513;TRUE
1065832836788472;FALSE
1010178705687219;FALSE
1052454478126308;FALSE
855047554533669;FALSE
862021053836319;FALSE
991241610914262;FALSE
1010196915685398;TRUE
1010199245685165;FALSE
982689381769485;FALSE
1007134605991629;FALSE
1052906671414422;FALSE
855158344522590;FALSE
982645155107241;FALSE
862070257164732;FALSE
982642228440867;FALSE
982663445105412;TRUE
1063721526999603;FALSE
1057128817658874;FALSE
1057062304332192;TRUE
935349959836761;TRUE
861971423841282;FALSE
1043982418973514;FALSE
1134109766627445;FALSE
989266711111752;FALSE
1105425226162566;FALSE
1122473404457748;FALSE
982641465107610;TRUE
855006274537797;FALSE
982732635098493;TRUE
855180131187078;TRUE
1065799090125180;FALSE
1043677092337380;TRUE
876375725734185;FALSE
1007140869324336;FALSE
945905835447840;FALSE
855015947870163;FALSE
855452417826516;FALSE
1096081370430285;FALSE
1035102369861519;FALSE
1063678867003869;FALSE
876860982352326;FALSE
1043618019009954;TRUE
861945627177195;FALSE
985381421500281;FALSE
982672735104483;FALSE
982733215098435;FALSE
882774178427673;FALSE
960882043950219;TRUE
882699795101778;FALSE
882701848434906;FALSE
882901225081635;FALSE
966665830038507;FALSE
951551574883266;FALSE
882888978416193;FALSE
989229874448769;FALSE
1134071959964559;FALSE
1007168135988276;FALSE
1057207314317691;FALSE
1111337825571306;FALSE
982679561770467;FALSE
1063247047047051;FALSE
989237464448010;FALSE
961128703925553;TRUE
977038182334605;TRUE
855119244526500;FALSE
1012427468795676;FALSE
882696151768809;FALSE
882697215102036;FALSE
1052430494795373;TRUE
1134071536631268;TRUE
1038769592828130;TRUE
1010698888968534;FALSE
1010188612352895;FALSE
982642341774189;FALSE
862797160425375;FALSE
1134073026631119;FALSE
1134071846631237;FALSE
1012243378814085;FALSE
1056942394344183;TRUE
1111350362236719;FALSE
1052538151451274;FALSE
982645738440516;TRUE
1055085721196517;FALSE
982680675103689;FALSE
855634177808340;FALSE
1007211259317297;FALSE
982639265107830;FALSE
925434340828323;FALSE
985355761502847;FALSE
1066763243362098;FALSE
1035132779858478;FALSE
1056913051013784;FALSE
1052568984781524;FALSE
982670358438054;TRUE
1013040342067722;FALSE
1065824936789262;TRUE
876251902413234;TRUE
982740978430992;FALSE
1010185329019890;FALSE
982758015095955;FALSE
982708285100928;FALSE
856719131033178;TRUE
1096009337104155;FALSE
982644278440662;TRUE
1052382791466810;TRUE
945490232156067;FALSE
887990544572703;FALSE
1057126354325787;FALSE
982690558436034;FALSE
1112606382111117;FALSE
882680938436997;FALSE
876585692379855;FALSE
991270244244732;FALSE
1111554575549631;FALSE
1121615731210182;FALSE
1063748500330239;FALSE
1055074394530983;FALSE
1097199996985089;FALSE
1111349082236847;FALSE
1056474661057623;FALSE
888201271218297;FALSE
882720598433031;FALSE
1012651518773271;FALSE
1095910573780698;FALSE
1056729527698803;TRUE
882692828435808;FALSE
876529349052156;FALSE
957697450935345;FALSE
945912752113815;FALSE
1134232643281824;FALSE
1134150403290048;FALSE
855034374534987;FALSE
1064391633599259;FALSE
982647398440350;FALSE
1056911151013974;FALSE
1063233423715080;FALSE
982695805102176;FALSE
960864323951991;FALSE
1111499505555138;TRUE
855039704534454;FALSE
946369335401490;FALSE
982640778441012;TRUE
1134077853297303;TRUE
1120196241352131;TRUE
1055105861194503;FALSE
1064594276912328;FALSE
1121664771205278;FALSE
1052388504799572;FALSE
982714085100348;TRUE
876874845684273;FALSE
982790111759412;FALSE
1065851463453276;FALSE
1134126643292424;FALSE
1010328845672205;FALSE
876421619062929;FALSE
1056509001054189;FALSE
1064337213604701;FALSE
876281065743651;TRUE
1036801606358262;FALSE
876247709080320;TRUE
1035160156522407;TRUE
1065860843452338;FALSE
935263149845442;FALSE
1038735886164834;FALSE
876844202354004;FALSE
1010276865677403;FALSE
855035367868221;FALSE
1063749530330136;FALSE
935268939844863;FALSE
1111515365553552;FALSE
882742385097519;FALSE
1152513361453752;FALSE
1082403725131383;FALSE
960907760614314;FALSE
887987871239637;FALSE
1088413171197105;TRUE
1012559568782466;FALSE
876356659069425;TRUE
1043618715676551;FALSE
989302971108126;FALSE
982640188441071;FALSE
1010735898964833;FALSE
925541027484321;FALSE
983131901725233;FALSE
1056926927679063;FALSE
1105430052828750;TRUE
945865215451902;TRUE
1010618315643258;FALSE
855027461202345;FALSE
882730781765346;FALSE
1064050366966719;FALSE
945838592121231;TRUE
1044031555635267;TRUE
861962080508883;FALSE
1065837603454662;TRUE
1012235742148182;FALSE
1111501105554978;FALSE
982709668434123;FALSE
1055080077863748;FALSE
985367931501630;FALSE
991359740902449;FALSE
861940380511053;FALSE
855417087830049;FALSE
982721958432894;FALSE
925389747499449;FALSE
1096100587095030;FALSE
1105445022827253;FALSE
854999394538485;FALSE
991266997578390;FALSE
982661895105567;FALSE
1010180382353718;FALSE
960929110612179;FALSE
1063257030379386;TRUE
985458228159267;FALSE
855484307823327;FALSE
982723821766041;FALSE
1063397300365359;FALSE
960974667274290;TRUE
1012452162126540;FALSE
946059318765825;FALSE
876247805746977;FALSE
855481001156991;FALSE
1105844402787315;FALSE
1012908685414221;TRUE
982642885107468;FALSE
945853402119750;FALSE
991239970914426;FALSE
1111313718907050;FALSE
1011269575578132;FALSE
1105894439448978;FALSE
1056530921051997;FALSE
1038677342837355;FALSE
1012934782078278;FALSE
1063288037042952;FALSE
1012943602077396;FALSE
1069142563124166;FALSE
1065849790120110;FALSE
876384262399998;FALSE
1111392292232526;FALSE
862231117148646;FALSE
982669935104763;FALSE
1064696100235479;FALSE
1012481505456939;FALSE
1069112593127163;FALSE
1007133589325064;FALSE
1057020791003010;TRUE
855628534475571;FALSE
982809215090835;FALSE
1035101146528308;FALSE
1088463257858763;FALSE
1065835766788179;FALSE
1134139136624508;FALSE
1095897287115360;FALSE
1111327912238964;FALSE
1035164156522007;FALSE
983016681736755;FALSE
1012240788814344;TRUE
960924337279323;TRUE
945832662121824;FALSE
982668795104877;FALSE
882911971747227;FALSE
1057058567665899;FALSE
855024071202684;FALSE
1007155355989554;FALSE
991240750914348;FALSE
935419529829804;FALSE
855674684470956;FALSE
1012251558813267;FALSE
1064091780295911;FALSE
855500537821704;FALSE
882774198427671;FALSE
1007137689324654;FALSE
1069177133120709;TRUE
945881492116941;FALSE
1035127136525709;FALSE
982694361768987;FALSE
989379844433772;FALSE
1012950365410053;FALSE
1134133686625053;FALSE
1010177359020687;FALSE
855148034523621;FALSE
1064117936959962;FALSE
1055088947862861;FALSE
1012913745413715;FALSE
1010747718963651;FALSE
977015382336885;FALSE
1035106663194423;FALSE
1105415109496911;FALSE
854998187871939;FALSE
1011258655579224;FALSE
1105516212820134;FALSE
1012257452146011;FALSE
1057055800999509;TRUE
1134596179912137;FALSE
876321472406277;TRUE
1069097783128644;FALSE
982664361771987;FALSE
1063284713709951;FALSE
1012274068811016;FALSE
1010294615675628;FALSE
945893395449084;FALSE
874472299257861;FALSE
1064312383607184;FALSE
985356564836100;FALSE
1053354491369640;FALSE
1012240445481045;TRUE
1105454239492998;FALSE
1111332132238542;FALSE
876343295737428;FALSE
1069085336463222;FALSE
1069180406453715;FALSE
855059957865762;FALSE
1105684292803326;FALSE
1055332594505163;FALSE
1105454089493013;FALSE
1134075656630856;FALSE
1013072638731159;FALSE
945844785453945;FALSE
1065870063451416;TRUE
1152553871449701;FALSE
882723068432784;FALSE
1065824020122687;FALSE
945834648788292;FALSE
1064404710264618;FALSE
1065909316780824;TRUE
1096047900433632;FALSE
1063810650324024;TRUE
1111858225519266;FALSE
1057125894325833;FALSE
888008511237573;TRUE
861940750511016;FALSE
876313059073785;FALSE
1069126649792424;FALSE
1052416421463447;FALSE
1057984857573270;TRUE
962268350478255;FALSE
1105776209460801;FALSE
1105646136140475;FALSE
876249219080169;FALSE
1012456698792753;FALSE
1152564918115263;FALSE
1063672567004499;FALSE
1043600165678406;FALSE
1063267313711691;FALSE
984693704902386;FALSE
945850182120072;TRUE
1063659917005764;FALSE
1065823896789366;FALSE
1065809333457489;TRUE
982799745091782;TRUE
991258864245870;FALSE
982645381773885;FALSE
876276499077441;FALSE
855597937811964;FALSE
876256862412738;FALSE
855059701199121;FALSE
882871605084597;FALSE
874459945925763;FALSE
1052418811463208;FALSE
982682521770171;FALSE
982697095102047;FALSE
982742321764191;TRUE
855024791202612;FALSE
1134084673296621;FALSE
1107506442621111;FALSE
985420794829677;FALSE
1043618409009915;FALSE
1043701315668291;FALSE
1012886525416437;FALSE
1121736904531398;FALSE
876263115745446;TRUE
854998091205282;FALSE
935255169846240;FALSE
876271939077897;TRUE
960883817283375;TRUE
876271355744622;FALSE
855000587871699;FALSE
1012431662128590;FALSE
1043591835679239;TRUE
883236958381395;FALSE
945987222106368;FALSE
861960367175721;FALSE
855045444533880;FALSE
862005870504504;FALSE
982652468439843;FALSE
1095900227115066;TRUE
862058887165869;FALSE
1134537946584627;FALSE
1012938372077919;FALSE
1091881580850264;FALSE
960891413949282;FALSE
888000334571724;FALSE
1012245518813871;FALSE
882741478430943;FALSE
1064480820257007;FALSE
985368694834887;FALSE
855034814534943;FALSE
1065806996791056;TRUE
945878098783947;FALSE
982662905105466;TRUE
982646205107136;FALSE
1010285925676497;FALSE
861975467174211;FALSE
1010186359019787;FALSE
982643981774025;TRUE
945431325495291;FALSE
982643815107375;FALSE
1063324250372664;FALSE
1044062155632207;TRUE
1134126026625819;FALSE
1095905547114534;FALSE
855020211203070;FALSE
1013034895401600;FALSE
1012595448778878;FALSE
1052752141429875;FALSE
983305901707833;TRUE
977024042336019;FALSE
1056930474345375;FALSE
1088400197865069;FALSE
1013915015313588;FALSE
888075084564249;FALSE
982683095103447;FALSE
1063650957006660;FALSE
991290890909334;FALSE
977024685669288;TRUE
945854078786349;FALSE
1057017891003300;FALSE
1012476755457414;FALSE
855118581193233;FALSE
991299987575091;FALSE
1057157860989303;TRUE
982667951771628;FALSE
876306965741061;FALSE
1064441993594223;FALSE
1095998833771872;FALSE
854999921205099;FALSE
1069145719790517;FALSE
1105511259487296;TRUE
1078710718834017;TRUE
925654444139646;TRUE
876292659075825;FALSE
855156244522800;FALSE
982648725106884;FALSE
882701615101596;FALSE
935370076501416;FALSE
1069076883130734;FALSE
951880531517037;FALSE
982655201772903;FALSE
1134159916622430;FALSE
1105431132828642;FALSE
1010691582302598;FALSE
1063779943660428;FALSE
1063481517023604;FALSE
982684308436659;FALSE
991265364245220;FALSE
1013137292058027;FALSE
982766048428485;FALSE
982914468413643;FALSE
854996757872082;FALSE
882683255103432;FALSE
957924150912675;FALSE
855053067866451;FALSE
1134078896630532;FALSE
989263761112047;FALSE
1095907567114332;FALSE
1096109680427454;FALSE
855019914536433;FALSE
982743661764057;FALSE
862138830491208;FALSE
888277091210715;TRUE
985365844835172;FALSE
994016030636820;FALSE
1010215949016828;FALSE
985374861500937;FALSE
1012426248795798;FALSE
882707568434334;FALSE
1010286585676431;FALSE
1012382265466863;FALSE
1056493317722424;FALSE
1064352233603199;FALSE
982667388438351;FALSE
1055079691197120;TRUE
1134100459961709;FALSE
1065863873452035;TRUE
1011286495576440;TRUE
1038673976171025;FALSE
1064442566927499;FALSE
876397635731994;FALSE
945838605454563;FALSE
1043733935665029;FALSE
1035132136525209;FALSE
874597645911993;FALSE
1095985033773252;FALSE
1063729243665498;FALSE
982698075101949;FALSE
876304062408018;FALSE
882846205087137;FALSE
982661315105625;FALSE
876346302403794;FALSE
1011167985588291;FALSE
883342775037480;TRUE
1056908197680936;TRUE
855004947871263;FALSE
862086183829806;FALSE
1134220483283040;FALSE
1095905833781172;FALSE
945871895451234;TRUE
1134196729952082;FALSE
962747137097043;FALSE
1095984900439932;FALSE
1057035171001572;FALSE
1105461929492229;FALSE
982639621774461;FALSE
935777356460688;FALSE
1063448793693543;FALSE
1010183709020052;FALSE
925648897473534;FALSE
1069073689797720;FALSE
945850755453348;FALSE
945845902120500;FALSE
862252510479840;FALSE
935294709842286;FALSE
1010301919008231;FALSE
1055076671197422;FALSE
882696211768803;FALSE
1064414723596950;FALSE
855038024534622;FALSE
1056959057675850;FALSE
1012634102108346;FALSE
982766721761751;FALSE
991408484230908;FALSE
861938137177944;FALSE
1111307668907655;FALSE
855359194502505;FALSE
1053593904679032;FALSE
982645975107159;FALSE
946320238739733;FALSE
1010284569009966;FALSE
1056912861013803;FALSE
945837992121291;FALSE
982782575093499;FALSE
1134921996546222;FALSE
985351404836616;FALSE
977048892333534;FALSE
1010341895670900;FALSE
977014839003606;TRUE
882696745102083;FALSE
882801425091615;FALSE
861977637173994;FALSE
1043588929012863;FALSE
1063234850381604;FALSE
1052567274781695;FALSE
1010745358963887;FALSE
1063293387042417;FALSE
1056955134342909;TRUE
855209144517510;TRUE
882839685087789;FALSE
862302517141506;FALSE
882765058428585;FALSE
1095922270446195;FALSE
854996974538727;FALSE
993822197322870;FALSE
1063650717006684;FALSE
993560107349079;FALSE
1035184499853306;FALSE
1111332562238499;TRUE
1111308835574205;FALSE
855009264537498;FALSE
1007136779324745;FALSE
1057062470998842;FALSE
876275225744235;FALSE
1088764911161931;FALSE
1065800393458383;FALSE
945357835502640;FALSE
1012282268810196;FALSE
945956605442763;FALSE
855484727823285;FALSE
861980083840416;FALSE
935337423171348;FALSE
1064052716966484;FALSE
876425399062551;TRUE
1066281116743644;FALSE
1063666087005147;FALSE
1010217612349995;FALSE
1096655267039562;FALSE
1012912088747214;FALSE
1152534818118273;FALSE
862284483809976;TRUE
985377338167356;FALSE
1094614757243613;FALSE
945839008787856;FALSE
854996084538816;FALSE
882915261746898;FALSE
1055085671196522;FALSE
1121678921203863;FALSE
1134906843214404;FALSE
989176124454144;FALSE
960889030616187;FALSE
1105743759464046;FALSE
1035117843193305;FALSE
982736538431436;FALSE
1105402206164868;FALSE
961308017240955;FALSE
855025371202554;FALSE
1012981025406987;FALSE
982642351774188;TRUE
1012455372126219;FALSE
1064883423550080;FALSE
960861743952249;FALSE
977104478994642;FALSE
1066239046747851;FALSE
946638805374543;TRUE
982674885104268;FALSE
1095998413771914;FALSE
946370768734680;FALSE
982648105106946;FALSE
1134463466592075;FALSE
1064029203635502;FALSE
1038732089498547;TRUE
1105443032827452;FALSE
960928850612205;FALSE
855504517821306;FALSE
855026441202447;FALSE
862014923836932;FALSE
1105400232831732;FALSE
960925480612542;FALSE
876291872409237;FALSE
991274667577623;FALSE
855133711191720;TRUE
876406429064448;FALSE
1105472796157809;TRUE
862064477165310;FALSE
1063289817042774;FALSE
1043629995675423;TRUE
1064394863598936;FALSE
991360434235713;FALSE
862018747169883;FALSE
1111365828901839;TRUE
960864857285271;TRUE
935312446507179;FALSE
991251760913247;FALSE
1012672248771198;FALSE
855018731203218;FALSE
1063991990305890;FALSE
1105733059465116;FALSE
1035621543142935;FALSE
1105457019492720;FALSE
1120251764679912;TRUE
1105690122802743;FALSE
982775451760878;TRUE
1057127990992290;FALSE
1035954086443014;FALSE
1063716947000061;FALSE
1064687373569685;FALSE
982654138439676;TRUE
1043588025679620;TRUE
1035359029835853;FALSE
1105657842805971;TRUE
1035355633169526;TRUE
888267497878341;FALSE
1007149992656757;FALSE
951927608178996;TRUE
982722245099532;FALSE
991524197552670;FALSE
882925818412509;FALSE
1012892422082514;TRUE
855024761202615;FALSE
1152502271454861;FALSE
1152555984782823;TRUE
1007494059289017;FALSE
1056977741007315;TRUE
1012234932148263;FALSE
888146631223761;TRUE
985355674836189;FALSE
888288854542872;FALSE
945853165453107;FALSE
1095964687108620;FALSE
874459849259106;FALSE
876279272410497;FALSE
1152512384787183;FALSE
882695605102197;FALSE
1057122384326184;FALSE
945828588788898;FALSE
1013088465396243;TRUE
1111902865514802;TRUE
1105439416161147;FALSE
1111388835566205;TRUE
982714248433665;FALSE
993793927325697;FALSE
1007260592645697;TRUE
876246812413743;FALSE
855028664535558;FALSE
945898355448588;FALSE
1095963590442063;FALSE
876331895738568;TRUE
1105411866163902;FALSE
935305983174492;FALSE
855000241205067;FALSE
862052017166556;FALSE
1064442286927527;FALSE
1063847970320292;FALSE
882921091746315;FALSE
945980332107057;FALSE
882920248413066;FALSE
1010210825684007;FALSE
982733011765122;FALSE
1052392208132535;TRUE
982668405104916;FALSE
1056498601055229;FALSE
1134235966614825;FALSE
855114247860333;FALSE
1112100508828371;FALSE
1056529574385465;FALSE
855098104528614;FALSE
882794388425652;FALSE
985355271502896;FALSE
945838795454544;FALSE
1035816276456795;TRUE
1080684628636626;FALSE
957665577605199;FALSE
855053944533030;FALSE
1012905818747841;FALSE
855270731178018;FALSE
977036275668129;TRUE
982748261763597;FALSE
1055409371164152;FALSE
945850282120062;FALSE
1010177389020684;FALSE
1096004957104593;FALSE
1105522302819525;FALSE
951527141552376;TRUE
982646485107108;FALSE
1044037895634633;TRUE
861962397175518;FALSE
961010683937355;FALSE
1010182075686882;FALSE
1112814782090277;FALSE
1055261941178895;FALSE
982805245091232;FALSE
1095905927114496;FALSE
1152571701447918;FALSE
1012234332148323;FALSE
1063847156987040;TRUE
945853868786370;FALSE
855018351203256;TRUE
1063794470325642;FALSE
1112489895456099;FALSE
945857362119354;FALSE
1134169296621492;FALSE
1063635397008216;FALSE
862265807145177;FALSE
989214857783604;FALSE
1035130733192016;TRUE
945995185438905;FALSE
989239237781166;FALSE
982669105104846;FALSE
855111381193953;FALSE
1065875153450907;FALSE
946618272043263;FALSE
945849848786772;FALSE
1091884417516647;FALSE
1069159756455780;TRUE
876892919015799;FALSE
982668681771555;FALSE
855012144537210;FALSE
1111327375572351;TRUE
1035439783161111;FALSE
1010861322285624;TRUE
982706341767789;FALSE
1094612847243804;FALSE
1043891435649279;FALSE
1035677543137335;FALSE
882738015097956;FALSE
961147190590371;FALSE
1069110806460675;FALSE
862013760503715;FALSE
1095973633774392;FALSE
1152541734784248;FALSE
1012868692084887;FALSE
991644260873997;FALSE
935254206513003;FALSE
1063854803652942;FALSE
1055961211108968;FALSE
982780281760395;FALSE
874457365926021;FALSE
1096049147100174;FALSE
945839322121158;FALSE
1007164525988637;TRUE
1105766226128466;FALSE
862528360452255;TRUE
855003024538122;FALSE
1068646263173796;FALSE
1134158083289280;FALSE
855015971203494;FALSE
1066208686750887;FALSE
1111481958890226;FALSE
945831898788567;FALSE
1094611480577274;FALSE
989379264433830;FALSE
957616310943459;FALSE
991238040914619;FALSE
1063685870336502;FALSE
882692258435865;FALSE
1105450929493329;FALSE
855054597866298;FALSE
1055101301194959;TRUE
1065803356791420;FALSE
1134609763244112;FALSE
855598654478559;FALSE
991236330914790;FALSE
862448820460209;FALSE
945899755448448;FALSE
1069070003131422;FALSE
982728898432200;FALSE
985460931492330;FALSE
1056926087679147;FALSE
1010362282335528;FALSE
982661125105644;FALSE
983239458381144;TRUE
991469807558109;FALSE
888057011232723;TRUE
935424029829354;FALSE
876301552408269;FALSE
1064083800296709;FALSE
983019835069773;FALSE
991266124245144;FALSE
1012451185459971;FALSE
1044342978937458;FALSE
1107011946003894;TRUE
862031590501932;FALSE
1035159439855812;FALSE
991268330911590;FALSE
983254221713001;FALSE
855015864536838;FALSE
1122246361147119;FALSE
1010191419019281;FALSE
861963107175447;FALSE
862004313837993;FALSE
854995467872211;FALSE
1052381724800250;FALSE
1012472882124468;FALSE
1035121743192915;FALSE
1112118485493240;FALSE
985460898159000;TRUE
1043611035677319;TRUE
1064107826960973;FALSE
1012953605409729;FALSE
1035135299858226;FALSE
1092505620787860;FALSE
1095967293775026;FALSE
876252429079848;FALSE
1096014377103651;FALSE
982670341771389;FALSE
985454804826276;FALSE
1120385961333159;FALSE
888117327893358;FALSE
951535474884876;FALSE
1111392195565869;FALSE
876288962409528;FALSE
1069414929763596;FALSE
982673211771102;FALSE
855479904490434;FALSE
960886777283079;FALSE
855035217868236;FALSE
1012462198792203;FALSE
1010181439020279;FALSE
882696798435411;FALSE
882726928432398;FALSE
877420882296336;TRUE
1105426296162459;FALSE
1063771450327944;FALSE
1007206065984483;TRUE
876249289080162;FALSE
946358045402619;FALSE
982745555097201;FALSE
960926387279118;FALSE
876244395747318;FALSE
945854495452974;FALSE
1010213749017048;TRUE
876589505712807;FALSE
1057159824322440;TRUE
945434418828315;FALSE
1065897210115368;FALSE
855583581146733;FALSE
1038656362839453;TRUE
983220088383081;FALSE
1056479314390491;TRUE
876362399068851;FALSE
935754273129663;FALSE
876300795741678;FALSE
1011318568906566;FALSE
883215571716867;FALSE
1007223875982702;TRUE
935341989837558;FALSE
982640951774328;FALSE
1096339370404485;FALSE
1056991981005891;TRUE
951901774848246;FALSE
982644748440615;FALSE
855825091122582;FALSE
1012285942143162;FALSE
982725548432535;FALSE
1091914017513687;FALSE
982663395105417;FALSE
1112076945497394;FALSE
1007130049325418;FALSE
888184731219951;FALSE
876589662379458;FALSE
862189227152835;FALSE
1010693545635735;TRUE
861962010508890;FALSE
1063473210357768;FALSE
1052844554753967;FALSE
946366135401810;FALSE
945848632120227;FALSE
1007135299324893;FALSE
982914495080307;FALSE
1069164643121958;FALSE
882703951768029;FALSE
1039047589466997;TRUE
935254266512997;FALSE
861965420508549;FALSE
1056475294390893;FALSE
1063720970332992;FALSE
1096285680409854;FALSE
855056464532778;TRUE
990962847608805;FALSE
861947070510384;FALSE
951664181538672;TRUE
966663076705449;FALSE
977147268990363;TRUE
1121813904523698;FALSE
935262143178876;FALSE
855580154480409;FALSE
1043621425676280;TRUE
960878547283902;FALSE
876649542373470;TRUE
876349405736817;FALSE
862074360497655;FALSE
876334642404960;FALSE
1069234973114925;FALSE
1010176982354058;FALSE
982674041771019;FALSE
1012239752147781;FALSE
855125834525841;FALSE
1035121889859567;FALSE
1095983107106778;FALSE
991237677581322;FALSE
876853629019728;FALSE
876345115737246;FALSE
1111653558873066;FALSE
945830395455384;FALSE
1056829871022102;FALSE
